No,Provinsi,Kabupaten/Kota,TON-2006,TON-2007,TON-2008,TON-2009,TON-2010,TON-2011,TON-2012,TON-2013,TON-2014,TON-2015,TON-2016,TON-2017,TON-2018,TON-2019,TON-2020,TON-2021,TON-2022,TON-2023,TON_MEAN,TON_SUM,L-2006,L-2007,L-2008,L-2009,L-2010,L-2011,L-2012,L-2013,L-2014,L-2016,L-2018,L-2020,L-2022,L-2023,L_MEAN,L_SUM
1.0,Jawa Barat,Bogor,"1278,31",1278,1281,1281,1441,1924,1939,1931,2172,2451,2089,2962,"3738,11","3854,37",3854,"4632,87",4037,3130,"2479,038824","47752,69882","2239,18",2251,2504,2639,2888,2915,2935,2925,2927,3170,"6234,96",6418,7208,7164,"5954,72356","126258,4712"
,Jawa Barat,Sukabumi,"205,85",219,269,279,143,339,352,607,228,110,114,117,"166,41","166,64",182,"326,02",345,382,"245,2305882","4796,150588","969,5",970,972,920,889,889,889,889,715,643,"828,37",1090,1290,1287,"959,4879567","20476,75913"
,Jawa Barat,Cianjur,"422,6",319,327,241,182,177,224,237,265,266,252,273,"366,27","384,2",384,"540,55",621,751,"322,4482353","6555,068235","1216,38",1247,1326,1555,1591,1621,1679,1712,1733,1837,"2730,19",2876,3197,3267,"1762,875604","38524,51207"
,Jawa Barat,Bandung,"839,65",1160,2809,4219,4273,4691,6362,6772,6964,7037,7201,5401,"6762,2","6798,21",6798,"7825,37",8280,8606,"5540,731176","108339,1612","5092,31",8920,8469,8656,8656,9319,9462,10163,10423,10724,"11872,98",12147,14524,14958,"14411,45012","303187,0025"
,Jawa Barat,Garut,"463,93",463,508,670,1592,1635,1685,1776,1780,1788,2282,2464,"2808,75",2949,2949,"3036,29",3504,3199,"1903,174706","37456,14471",917,1547,1547,2110,3436,3491,3516,3796,3796,4189,"5150,58",5095,6413,6499,"5107,957337","108658,1467"
,Jawa Barat,Tasikmalaya,"765,8",422,911,947,502,1112,1184,1139,1364,1363,1363,2740,1493,"1498,91",1499,"1486,96",1383,1473,"1245,51","23892,18","2217,97",1327,1338,1352,1375,1509,1546,1616,1614,1681,"2637,8",2815,3045,3145,"2897,548421","61095,96842"
,Jawa Barat,Ciamis,"1566,22",2721,1439,1393,1420,945,945,961,646,646,669,767,"781,74","963,95",964,"963,95",1082,1082,"1110,227059","21066,08706","2186,9",2121,2153,2144,2169,1419,1519,1969,1532,1536,"2141,92",2511,2728,2728,"2757,793901","57883,87802"
,Jawa Barat,Kuningan,"638,64",642,643,630,633,637,638,646,594,617,560,780,"1305,74","1286,31",852,"490,09",469,497,"709,5164706","13268,29647","1643,5",1646,1651,1651,1655,165,1900,1886,1887,1888,"1739,27",1740,1627,1572,"1966,561734","40903,23467"
,Jawa Barat,Majalengka,"233,08",260,264,280,280,272,273,233,231,211,203,202,"217,74","230,33",230,"241,43",278,271,"243,5047059","4654,084706","798,76",796,804,801,802,902,802,833,833,1030,"1070,31",1072,1122,1123,"925,4783901","19632,5678"
,Jawa Barat,Sumedang,"433,68",595,610,629,633,373,666,668,673,673,670,624,"847,83","955,58",899,"824,71",933,702,"688,6941176","13098,49412",2415,2505,2493,2614,2570,2439,2435,2421,2421,2440,3142,3693,4364,4614,"2794,626223","60506,52446"
,Jawa Barat,Subang,"326,14",365,214,228,436,458,394,420,476,476,491,491,"490,62",545,545,"547,05",523,521,"436,8123529","8383,622353",785,792,792,838,953,959,959,975,1022,1025,"1217,4",1213,1339,1435,"1253,993932","26514,87864"
,Jawa Barat,Purwakarta,"107,29",106,123,129,130,138,168,174,178,176,155,174,"191,07","189,22",189,"188,83",194,194,"159,4358824","3063,845882","297,46",252,361,371,383,389,390,405,413,398,"386,76",386,752,745,"482,806935","10401,1387"
,Jawa Barat,Karawang,"51,12",31,39,100,714,195,120,43,215,215,207,207,"207,2","207,2",218,354,354,355,"204,56","4037,08","138,26",138,138,172,363,412,210,215,245,265,265,380,745,750,"484,6789474","10443,57895"
,Jawa Barat,Bandung Barat,0,0,273,441,1386,1354,508,967,1038,1077,1097,459,"1221,67","990,1",990,"1349,39",1342,1164,"852,5388235","16509,69882",0,0,1003,1406,1411,1464,1889,2023,2063,2217,"3024,95",3081,3384,3211,"2377,556718","50762,13437"
,Jawa Barat,Pangandaran,0,0,0,0,0,0,0,0,317,292,267,267,253,"268,6",269,"272,6",275,276,"145,9529412","2903,152941",0,0,0,0,0,0,0,0,549,534,"609,29",597,617,633,"370,9471517","8051,943034"
,Jawa Barat,Kota Tasikmalaya,1,13,7,7,7,7,6,5,4,4,4,5,"5,23","4,55",5,"6,65",3,3,"5,554705882","102,9847059",6,59,21,27,24,24,24,22,22,22,"20,6",21,21,18,"23,14681115","480,9362229"
,Jawa Barat,Kota Banjar,"13,05",7,13,9,9,9,8,8,5,5,5,5,"5,54","6,15",6,"6,3",7,7,"7,472941176","141,5129412","64,1",21,53,30,26,32,32,26,23,23,"23,75",25,25,24,"30,48083591","633,6167183"
2.0,Papua,Jayawijaya,1493,1497,1513,1006,499,"328,5",158,179,200,475,475,"237,5","389,25",541,541,541,"270,5","405,75","608,4558824","11357,95588",3510,4435,3620,"3222,5",2825,"2295,5",1766,2336,2906,3091,"2189,75",3004,"57,5","1530,75","2578,047988","53091,70975"
,Papua,Paniai,336,343,349,346,343,"247,5",152,152,152,152,152,76,208,340,340,340,170,255,"246,9705882","4700,470588",1230,1245,1290,645,"322,5","839,25",1356,1383,1410,1771,"1169,75",1454,305,"879,5","1077,52322","22429,9644"
,Papua,Puncak Jaya,54,,90,"82,5",75,86,97,97,97,151,151,"75,5","185,75",296,296,296,148,222,"142,359375","2642,109375",299,379,459,"229,5","114,75","311,875",509,534,559,759,"659,25",939,246,"592,5","512,8865132","10850,23026"
,Papua,Mimika,2,2,2,1,"0,75","0,5",1,1,1,"10,5",20,10,25,40,40,40,20,30,"12,75","259,5",26,26,26,13,"6,5","18,75",31,31,31,166,"116,5",150,27,"88,5","56,36842105","1215,868421"
,Papua,Yahukimo,144,152,152,152,152,"113,5",75,350,625,625,625,"312,5","233,75",155,155,155,"77,5","116,25","250,25","4620,75",576,581,581,581,581,473,365,"987,5",1610,1710,837,819,"139,5","479,25","800,8289474","16495,82895"
,Papua,Pegunungan Bintang,209,211,211,211,211,"172,5",134,134,134,134,134,67,"152,5",238,238,238,119,"178,5","173,4117647","3299,911765",411,434,479,"456,5",434,"531,5",629,629,629,679,"634,75",1030,177,"603,5","600,0301858","12604,10372"
,Papua,Tolikara,30,33,33,33,33,"27,5",22,22,22,54,67,"33,5","105,75",178,296,178,89,"133,5","73,92647059","1464,176471",231,246,271,"258,5",246,"329,5",413,"476,5",540,810,"648,5",1049,200,"624,5","418,6106811","8996,713622"
,Papua,Nduga,0,0,0,0,9,13,17,17,17,17,17,"8,5","25,75",43,43,43,"21,5","32,25","17,16176471","341,1617647",0,0,0,0,306,216,126,126,126,176,"155,5",223,"52,5","137,75","105,5301858","2248,353715"
,Papua,Lanny Jaya,0,0,0,0,38,79,120,"247,5",375,375,375,"187,5","298,25",409,409,409,"204,5","306,75","207,4558824","4040,955882",0,0,0,0,1070,785,500,"694,5",889,1089,"956,75",1369,415,892,"702,4164087","14940,32817"
,Papua,Deiyai,0,0,0,0,"2,5",5,10,10,10,10,10,5,23,41,41,41,"20,5","30,75","13,47058824","273,2205882",0,0,0,0,0,50,100,"113,5",127,127,"181,75",300,34,167,"76,48374613","1696,674923"
3.0,Kalimantan Tengah,Kotawaringin Barat,"575,77","575,77","577,85",45,"38,18",17,17,"16,4","15,38","12,13","11,33","2,27","4,87","4,87","4,87","11,47","15,3","7,24","114,4388235","2067,138824",1557,1557,1557,298,"285,5",209,198,"178,5","138,26","154,51","152,51","177,51","290,35","288,1","472,294613","9733,99226"
,Kalimantan Tengah,Kotawaringin Timur,"900,55","949,55","1075,2",987,"951,3",268,267,"176,48","94,31","94,31","92,81","92,96","92,96","92,96","92,96","47,11","93,6","93,6","374,6505882","6837,310588",2006,2123,2088,2195,2197,662,662,"274,5","178,86","168,86","202,61","284,61","285,11","266,11","1098,251641","22231,14282"
,Kalimantan Tengah,Kapuas,"214,43","186,53",164,51,"51,66",58,134,"158,66","8,29","2,1","1,8","2,2","3,15","3,25","3,25","3,5","4,25","4,75","61,76882353","1116,588824",607,607,592,592,652,655,627,355,"322,56","285,56","312,56","437,56","488,56","488,56","406,7319814","8623,199628"
,Kalimantan Tengah,Barito Selatan,"71,21","105,93","71,21",70,"32,13",15,14,14,"1,38",8,"7,8","3,5","0,2","0,2","0,21","0,23","0,01","0,01","24,41235294","439,4323529","240,25","240,25","240,25",240,"238,25",77,77,"77,5","77,5","76,5","66,5","66,5","66,5","66,5","118,3318266","2433,136533"
,Kalimantan Tengah,Barito Utara,"151,32","151,32","151,32",151,"151,32",153,153,85,"12,61","2,42","2,91","4,4","5,81","3,96","4,49","4,52","5,55","6,35","70,23235294","1270,532353",473,473,473,473,473,384,384,"153,6","164,6","7,5","18,75","18,75","20,55","20,55","256,759195","5155,733901"
,Kalimantan Tengah,Sukamara,"30,7","37,88","37,88",35,"35,3",36,35,33,"3,81","5,87","6,56","6,52","5,09","5,08","5,08","3,71","0,04","1,875","18,97176471","343,3667647",183,183,183,183,183,183,183,82,44,"9,01","7,77","8,05","3,25","3,55","95,16439628","1906,837926"
,Kalimantan Tengah,Lamandau,"76,65","76,65","78,75",93,"92,85",94,97,37,"26,65","30,3","25,44","30,24","29,42","43,93","43,93","14,41","0,82","0,61","52,41411765","944,0641176","301,4","306,4","306,4",320,"320,4",303,303,137,130,"118,55","147,6","152,6","153,9","153,9","213,4999071","4423,898142"
,Kalimantan Tengah,Seruyan,"99,64","99,64","100,7",47,"47,17",42,27,"22,9","23,61","25,95","23,61","24,51","24,56","24,56","22,25","24,25","2,75","7,65","40,12352941","729,8735294",710,710,710,710,710,158,81,55,70,117,166,262,28,43,"279,6787926","5636,575851"
,Kalimantan Tengah,Katingan,"94,05","97,25","97,25",97,"97,25",101,365,"40,4","9,72","0,31","0,31","0,31","0,31","0,31","0,31","0,31","0,31","0,31","58,90588235","1060,615882",355,372,319,372,372,365,365,134,33,"15,94","40,94","56,9","30,91","30,91","208,0237771","4191,385542"
,Kalimantan Tengah,Pulang Pisau,"195,75","202,71","202,71",223,"219,5",218,218,"121,44","119,4","88,41","97,51","184,9","170,85","172,55","172,08","170,79","47,17","77,87","166,1629412","3068,802941",790,804,804,932,878,809,845,313,313,"411,5","392,24","416,24","242,5","238,5","613,3345201","12505,1904"
,Kalimantan Tengah,Barito Timur,"35,5",41,41,42,41,33,33,"17,7","9,36","10,52","10,63","10,33","10,33","5,84","5,84",6,"4,06","5,24","21,00647059","383,3564706","93,7",94,90,91,91,81,81,"38,48","37,88","31,42","33,22","73,74","74,85","82,2","70,35752322","1489,350464"
,Kalimantan Tengah,Murung Raya,"315,53","317,34","317,34",306,"164,11",327,342,102,"46,49","42,48","48,08","48,08","48,06","42,8","37,3","40,46",39,"21,1","152,0041176","2757,174118","598,46","599,96","599,96",647,"648,48",647,629,"252,95","243,24","177,56","267,56","277,09","273,89","193,66","468,904644","9571,752879"
,Kalimantan Tengah,Paser,"1238,5",1315,1333,1437,581,520,418,288,244,206,228,210,204,123,124,166,71,54,"512,1470588","9272,647059",3016,3016,3016,3016,3042,2563,2284,1690,1368,982,876,591,408,276,"1898,304954","38242,09907"
4.0,Kalimantan Timur,Kutai Barat,"378,5",68,62,19,21,25,39,36,23,23,23,23,22,27,28,26,21,28,"50,85294118","943,3529412","1287,5","1287,5","1287,5","1173,5",1174,1174,1178,1014,1003,985,943,409,808,808,"780,0634675","16409,26935"
,Kalimantan Timur,Kutai Kartanegara,1198,1630,1255,920,793,992,750,318,136,62,28,23,6,9,9,11,7,16,"479,2352941","8642,235294","3870,5",3840,3840,3884,2357,2114,1989,1604,1287,664,501,29,97,117,"1854,787926","37212,75851"
,Kalimantan Timur,Kutai Timur,"203,5",204,205,184,194,81,43,40,40,31,43,49,46,43,43,43,51,59,"90,79411765","1693,294118","1229,5","484,5",489,310,290,237,219,218,220,121,99,98,99,89,"320,7414861","6503,829721"
,Kalimantan Timur,Berau,578,132,"143,5","219,5",198,242,229,86,82,66,60,12,10,14,14,12,13,9,"124,1764706","2244,176471",224,520,"553,5",562,594,704,588,587,586,252,104,71,60,80,"411,6764706","8313,529412"
,Kalimantan Timur,Panajam Paser Utara,"98,5","115,5",115,106,80,76,56,11,8,8,7,6,6,4,4,1,1,1,"41,35294118","745,3529412","188,5",189,189,"192,5",154,168,126,27,27,19,16,14,14,14,"111,4582043","2243,164087"
,Kalimantan Timur,Balikpapan,18,"22,5",7,7,4,3,2,2,2,2,2,2,3,3,3,1,1,3,"4,970588235","92,47058824",19,"18,5","21,5","21,5",21,21,21,21,19,19,11,9,9,11,"17,73374613","365,6749226"
,Kalimantan Timur,Samarinda,"32,5",45,"33,5",24,22,20,24,27,24,1,1,"0,5","0,25","0,125","0,0625","0,03125","0,015625","0,0234375","14,99908088","270,0068934",363,"378,5","354,5","197,5",185,168,156,150,146,4,1,"0,25","0,0625","0,15625","125,7342783","2514,841815"
,Kalimantan Timur,Kuantan Singingi,"247,61","198,39","226,41",4,3,3,6,6,4,4,5,5,5,5,5,6,3,4,"43,31823529","783,7282353","389,4","360,75","360,75",15,18,18,18,18,13,13,13,13,10,10,"110,7866563","2225,733127"
5.0,Riau,Indragiri Hulu,"301,7","189,65",286,322,55,50,53,55,67,255,40,69,44,44,49,46,50,12,"116,2558824","2104,605882","1276,4",952,"1071,5",1072,505,348,348,348,398,348,348,226,128,109,"512,9874613","10368,74923"
,Riau,Indragiri Hilir,"646,3",1155,"1008,02",544,168,234,242,238,213,62,251,251,243,242,252,245,244,227,"366,96","6832,28",4234,4234,"3494,2",1340,"1,315",1297,1276,1237,1242,1213,1214,"1263,4",1261,1036,"1656,534474","34166,68947"
,Riau,Pelalawan,"178,2","213,2","268,87",269,269,891,691,693,693,692,689,654,656,656,18,38,38,18,"447,4864706","8072,756471",830,830,"793,72",794,793,1277,1289,1289,1289,1289,1289,80,80,80,"1081,840155","21716,8031"
,Riau,Siak,"399,56","393,08","416,69",279,71,70,68,65,67,66,39,39,41,13,13,13,4,"8,5","121,0194118","2186,849412","801,56","782,86",704,456,132,131,140,140,140,112,117,69,21,45,"320,673096","6458,46192"
,Riau,Kampar,175,158,158,9,1,"3,5",6,6,5,5,5,5,5,5,5,5,"2,5","3,75","32,88235294","595,6323529",379,175,184,17,17,17,17,17,17,14,14,14,7,"10,5","80,7244582","1624,989164"
,Riau,Rokan Hulu,152,"205,38","33,38",19,19,88,88,111,111,104,102,109,95,95,95,95,95,96,"95,10352941","1807,863529","634,57","573,35","54,05",27,172,172,189,187,187,180,184,184,150,182,"272,5230031","5632,460062"
,Riau,Bengkalis,"1218,6","1062,8","845,53",799,74,74,43,49,6,21,62,19,57,46,58,59,40,54,"266,7017647","4854,631765","1217,5","1226,5","1306,5",1332,260,325,399,343,259,112,106,106,106,106,"654,2543963","13191,08793"
,Riau,Rokan Hilir,474,492,1,4,6,6,6,3,2,1,1,1,1,1,1,1,12,3,"59,58823529","1075,588235",1054,1058,9,13,13,13,16,20,17,19,19,"18,8",19,6,"181,1040248","3628,080495"
,Riau,Kepulauan Meranti,0,0,0,0,675,675,1292,1362,"1496,5",1631,1630,1630,1883,1912,1914,1914,1914,1385,"1172,264706","22485,76471",0,0,0,0,"1,075",1102,1142,1787,1501,1215,1465,2241,2441,2757,"2298,952864","48736,05728"
6.0,Sumatera Utara,Nias,"42,8","42,8","42,8","76,5","48,3","14,75","14,75",17,34,45,38,45,"0,6",47,67,78,96,108,"44,13529412","902,4352941",820,820,820,735,"585,5","167,25","167,25",167,191,206,215,218,246,259,"350,1879257","7262,758514"
,Sumatera Utara,Mandailing Natal,"1018,71","973,11","973,11","964,13","650,01","992,57","654,84",1003,1000,1102,1212,"399,9","400,6",421,424,436,574,812,"776,4105882","14787,39059","2705,5","2627,5",2629,2737,"1573,9","2148,4","1577,1",2158,2183,2211,"1112,4",1116,1160,1192,"2302,557957","47243,15913"
,Sumatera Utara,Tapanuli Selatan,"1087,56","929,3","782,43","581,05","545,95","675,6","827,55",765,900,1000,980,"290,48","311,06",387,412,421,582,612,"675,1752941","12765,15529","5316,71",5296,"2854,5",2818,"2913,75","3004,25","3123,75",3217,3270,3478,1632,1690,1737,1763,"2937,804768","60519,09536"
,Sumatera Utara,Tapanuli Tengah,"88,01","88,01","82,21","66,6","65,9","64,89","57,54",68,97,54,77,"20,42","24,45",44,66,69,20,21,"61,94294118","1135,972941",190,190,"150,5",150,146,142,135,140,203,186,151,172,59,61,"178,337678","3627,75356"
,Sumatera Utara,Tapanuli Utara,"792,12","698,18","679,09","674,76","663,55","660,93","622,95",685,698,1000,684,"567,82","569,8",590,602,611,832,789,"684,1882353","13104,38824",1728,"1600,5",1580,1582,"1489,75","1489,75",1465,1499,1412,1459,"1325,22",1368,1402,1417,"1895,936656","39335,73313"
,Sumatera Utara,Simalungun,"2359,5","2359,33","2308,57","2359,33","2359,33","2209,89","2236,47",2216,2317,2288,2170,"2155,64","710,53",1724,1729,1744,1580,1810,"2048,622941","38685,21294","3292,72","3036,48","2877,98","2891,1","2891,1","2682,9","2682,9",2682,2690,2570,"1979,19",1979,1988,1990,"4307,379257","88137,58514"
,Sumatera Utara,Dairi,"2864,74","2847,6","2652,4","265,6","2604,6","2782,07","2603,7",2716,2732,2831,2772,3677,"3387,84",3391,3733,3736,3684,3812,"2898,855882","55991,40588",10309,10047,9429,8709,8677,8389,7902,8248,7916,7970,8427,8431,8428,8430,"9828,276935","204995,5387"
,Sumatera Utara,Langkat,147,"118,8",82,"74,65","74,65","77,45","58,5",63,96,89,106,53,"26,5","13,25","6,625","3,3125","1,65625","2,484375","64,19963235","1158,077757",221,176,118,107,107,"107,9",82,108,119,125,"31,25","7,8125","1,953125","4,8828125","134,1195337","2687,273486"
,Sumatera Utara,Pakpak Bharat,"447,35","447,35","392,51","360,5",358,"345,6","348,4",399,386,510,400,"166,76",176,176,224,229,267,277,"331,3805882","6241,850588","687,5","687,5","741,76",644,645,656,638,685,708,727,329,335,376,384,"812,1047988","16626,09598"
,Sumatera Utara,Padang Lawas Utara,0,0,"416,88","307,2","307,2",287,297,305,354,512,343,322,327,427,632,702,932,812,"380,6635294","7663,943529",0,0,544,639,639,"645,5",754,726,803,820,"770,5",814,852,868,"1006,821424","21004,42848"
,Sumatera Utara,Padang Lawas,0,0,"155,13","155,5","160,05","214,47","287,39",290,300,413,942,674,"681,03",681,882,891,890,902,"448,0335294","8966,603529",0,0,"1291,5","1309,5",1301,"1033,62","832,53",1041,817,882,"844,06",850,872,896,"1265,99195","26215,83901"
,Sumatera Utara,Labuhanbatu Selatan,0,0,0,"0,94","1,27","1,6","0,4",4,2,11,6,6,"8,5",8,8,8,8,9,"4,335882353","87,04588235",0,0,0,6,"5,5",5,"250,5",9,12,20,"17,5",15,12,15,"25,09904025","516,980805"
,Sumatera Utara,Nias Utara,0,0,0,0,0,"22,8","30,8",34,50,40,58,57,62,62,154,158,196,157,"54,38823529","1135,988235",0,0,0,0,0,287,285,175,287,297,298,321,329,338,"217,5987616","4689,975232"
,Sumatera Utara,Nias Barat,0,0,0,0,0,"20,5","20,5",23,34,40,37,21,"40,62",41,78,79,116,103,"32,38941176","686,0094118",0,0,0,0,0,112,112,112,121,126,"140,5",142,157,165,"111,4157276","2393,314551"
,Sumatera Utara,Padangsidimpuan,0,0,0,0,0,0,0,0,"20,5",41,32,"38,7","43,5",46,54,56,65,84,"23,33529412","504,0352941",0,0,0,0,0,0,0,0,0,54,"73,6",72,84,91,"56,31424149","1217,28483"
,Sumatera Utara,Gunungsitoli,0,0,0,0,0,"23,06","22,2",32,41,46,48,43,"45,17",46,63,65,80,92,"32,61352941","679,0435294",0,0,0,0,0,"105,82","109,7",113,122,135,"122,67",120,131,138,"103,7287926","2212,575851"
7.0,Jambi,Kerinci,2034,1571,1990,1989,3650,3915,3979,3948,4012,4119,4125,7556,4008,4232,"4868,1",4512,4892,6089,"3847,064706","75336,16471",6859,6791,6882,6957,6679,6813,7078,7141,7141,8533,8039,9023,9312,9312,"10357,49102","216461,8204"
,Jambi,Merangin,6741,6738,5417,5775,5773,6225,6416,6533,6577,6660,6716,10,8244,9138,10602,10717,11629,11629,"7053,588235","138593,5882",9945,10095,10174,10577,10577,10675,10710,10765,10765,10935,11154,11427,11674,11697,"17352,48297","358746,6594"
,Jambi,Sarolangun,20,22,22,22,22,9,9,7,7,7,9,11,10,15,15,505,505,505,"71,58823529","1793,588235",84,81,50,47,47,47,47,60,60,63,80,719,770,870,"292,1145511","6712,291022"
,Jambi,Batanghari,60,60,60,73,73,55,57,57,13,11,11,29,13,13,13,7,5,5,"35,88235294","650,8823529",363,363,350,314,314,246,210,169,169,25,23,18,5,5,"172,9349845","3463,69969"
,Jambi,Muaro Jambi,50,51,53,53,53,53,45,42,38,34,32,1081,25,25,27,27,27,27,"100,9411765","1843,941176",186,189,97,97,97,97,97,97,97,95,98,94,94,94,"183,5727554","3765,455108"
,Jambi,Tanjung Jabung Timur,1383,1422,944,944,1080,1114,1114,1027,1227,1225,1210,1237,1354,1237,1237,1237,1237,1237,"1189,941176","22655,94118",2237,2148,2308,2353,2424,2538,2538,3259,3259,2594,3323,"3450,4",3491,3491,"3406,120124","71613,40248"
,Jambi,Tanjung Jabung Barat,1740,1740,1680,1727,1727,994,1027,1227,1053,1049,1067,9,1237,1171,1185,1160,1144,1144,"1231,588235","23312,58824",3160,3160,2676,2398,3269,3269,3269,2710,2710,3269,2676,2751,2861,2861,"3545,009288","73761,18576"
,Jambi,Tebo,295,304,311,287,287,282,278,244,216,86,8,103,13,19,42,42,46,46,"168,4117647","3077,411765",967,967,969,955,955,933,930,824,824,162,205,268,291,291,"666,9380805","13629,76161"
,Jambi,Bungo,65,65,64,64,66,66,80,79,80,81,81,103,324,328,776,776,776,487,"227,8823529","4588,882353",654,385,256,256,256,256,258,258,258,260,638,911,931,924,"695,1981424","14827,96285"
,Jambi,Kota Sungai Penuh,0,0,0,0,0,84,85,109,98,175,175,14305,227,606,215,215,215,215,"971,1176471","17695,11765",0,0,0,0,0,409,612,652,652,911,1040,1432,1557,1490,"1410,065015","29691,30031"
8.0,Kalimantan Barat,Sambas,785,798,826,801,755,630,558,560,562,571,625,628,597,597,800,800,887,889,"692,9411765","13361,94118",2284,2349,2541,2742,2349,2176,2149,"2109,5",2070,2070,2070,2070,1942,1942,"2439,599071","50733,98142"
,Kalimantan Barat,Bengkayang,164,145,148,126,120,125,125,101,77,68,62,63,90,90,90,90,90,90,"104,3529412","1968,352941",491,461,456,451,456,436,436,"436,5",437,386,386,396,463,463,"427,5897833","9014,795666"
,Kalimantan Barat,Landak,490,505,505,508,503,505,509,470,431,427,296,230,185,180,180,180,180,180,"369,6470588","6833,647059",1079,1161,1161,1198,1198,1162,1148,"1010,5",873,871,882,897,897,897,"1129,51548","23487,3096"
,Kalimantan Barat,Mempawah,1675,1292,376,374,326,318,228,235,242,253,252,253,256,257,255,253,179,179,"413,1764706","7616,176471",6979,6065,750,697,687,657,640,618,596,591,591,591,306,306,"1508,597523","30477,95046"
,Kalimantan Barat,Sanggau,128,79,68,44,95,98,85,87,89,89,45,46,22,22,12,28,12,1,"61,70588235","1111,705882",273,275,260,249,247,236,207,"201,5",196,134,129,189,241,87,"213,8900929","4364,801858"
,Kalimantan Barat,Ketapang,1282,1202,912,912,640,642,509,524,539,542,515,509,509,509,509,509,518,518,"663,6470588","12463,64706",2125,2135,1435,1410,1410,1308,1308,"1214,5",1121,1121,1176,1296,1344,1344,"1767,620743","36696,41486"
,Kalimantan Barat,Sintang,95,93,93,93,98,101,102,"94,5",87,98,97,99,99,99,83,83,88,76,"94,26470588","1772,764706",354,354,354,349,354,354,354,354,354,350,374,347,341,293,"357,369969","7440,399381"
,Kalimantan Barat,Kapuas Hulu,31,25,19,19,18,19,16,16,16,10,8,5,4,4,1,1,2,2,"12,58823529","228,5882353",68,68,68,68,66,66,46,39,32,23,17,24,24,24,"45,0619195","925,2383901"
,Kalimantan Barat,Sekadau,124,,1,1,1,1,1,1,1,"0,5","0,25","0,125","0,0625","0,53125",1,1,"0,5","0,75","8,435546875","144,1542969",182,7,10,10,10,10,10,"8,5",7,1,1,41,44,44,"26,17578125","567,515625"
,Kalimantan Barat,Melawi,22,20,25,20,19,20,19,10,1,1,1,"0,5","0,75",1,1,1,1,1,"9,602941176","173,8529412",162,61,61,61,61,62,61,49,37,37,37,37,28,28,"49,5503096","1019,006192"
,Kalimantan Barat,Kayong Utara,0,0,288,298,290,551,492,"483,5",475,481,479,480,480,480,472,472,462,462,"393,1470588","7538,647059",0,0,799,799,774,709,657,657,657,653,643,913,913,913,"945,9891641","19832,78328"
,Kalimantan Barat,Kubu Raya,0,0,1020,1061,1050,1124,1190,1191,1192,1242,1348,1369,1369,1369,1292,745,730,728,"1017,176471","19037,17647",0,0,5313,5261,5249,5352,5369,5369,5369,5342,5382,5075,1098,1095,"4090,965944","82914,31889"
,Kalimantan Barat,Kota Singkawang,19,11,14,18,19,19,15,"11,5",8,8,8,6,6,6,4,4,4,3,"10,61764706","194,1176471",32,18,18,22,22,22,22,18,14,14,29,28,28,26,"26,67027864","559,4055728"
9.0,Sumatera Barat,Kab. Kepulauan Mentawai,0,0,1,"0,5","2,45","4,4","2,2","1,1","0,55","0,275","0,1375","0,06875","0,034375","0,0171875","0,00859375","0,004296875","0,0021484375","0,00322265625","0,7498736213","13,50094784",1538,8,8,6,7,5,"2,5","1,25","0,625","0,15625","0,0390625","0,009765625","0,00244140625","0,006103515625","83,72903172","1674,586738"
,Sumatera Barat,Kab. Pesisir Selatan,4983,4913,5680,"5679,64","2593,2",1930,2591,2591,2630,2650,2571,2161,2302,2137,2279,"2327,99","2848,91","2576,7","3109,867059","58554,30706",909,9045,9045,8987,2611,2611,3629,3740,3740,3302,3196,3015,"2009,25","2045,2","6712,422322","136293,6464"
,Sumatera Barat,Kab. Solok,5563,5090,5908,"5910,92","4679,52",1530,8708,8780,8762,9189,"2466,8",2194,"2455,2",2407,2413,"3130,42","3258,7","7561,55","4849,738824","94856,84882",151,8997,9097,8986,1782,2454,10800,11019,11044,10151,8258,"8337,5","8693,25","8759,55","11360,0004","235959,558"
,Sumatera Barat,Kab. Sijunjung,440,442,491,"490,92","64,87",765,1137,1149,1198,1217,854,554,"454,71","353,3",355,"260,51","268,05","258,43","617,3152941","11370,10529",206,880,880,880,160,932,1548,1648,1649,1292,731,486,"526,5",538,"1313,047926","26798,95851"
,Sumatera Barat,Kab. Tanah Datar,1186,1206,1418,"1417,92","19,5","306,3",2107,2147,2073,2090,"1577,52","1424,4","1495,99","1457,4",1498,"1321,5","1338,42","1351,97","1416,702941","26852,62294",2115,1927,1927,1914,304,299,2044,2113,2113,"1947,62",1880,1830,"1607,35",1580,"2936,851889","60317,03777"
,Sumatera Barat,Kab. Padang Pariaman,186,193,193,"222,95",29,197,312,312,300,315,463,556,"564,86",552,520,"291,46","290,22","289,82","323,3817647","6110,691765",2434,390,390,409,409,408,436,446,434,607,586,505,285,297,"819,1880805","16680,76161"
,Sumatera Barat,Kab. Agam,2465,2704,2653,"2652,41","1629,68","1736,7",3726,3743,3232,3243,2627,"1032,4",1204,"1015,2",1206,"1593,96","1657,22","1678,47","2242,386471","42041,42647",4216,3394,3394,3368,2100,2104,4224,4465,4393,"3676,5",2478,1808,1710,1695,"4828,945418","98273,90836"
,Sumatera Barat,Kab. Lima Puluh Kota,1809,1660,2221,"2219,81","276,3",1100,1102,2426,2648,2623,"1935,6","1588,1","1657,2","1585,1",1653,"380,87","505,94","72,39","1611,230588","29074,54059",5476,2434,2808,2767,2767,1535,1570,2775,2777,"2574,5",1950,"1861,5",1172,818,"3461,314272","70044,28545"
,Sumatera Barat,Kab. Pasaman,3022,2916,2951,"2952,18","740,15",2195,2198,2236,2334,2319,"1856,84","989,5",915,978,978,"1050,2","995,71","986,4","1860,387059","34473,36706",468,3931,3931,3854,2509,2510,2396,2412,2432,"2088,5",1897,1899,1766,1770,"3812,503375","78020,06749"
,Sumatera Barat,Kab. Solok Selatan,7679,7679,8545,"8545,71","909,5",4251,6119,6139,7418,7438,5949,"5308,7","5585,29",5090,5477,"2922,72","3328,06","3431,36","5787,292941","107602,6329",934,11908,11908,11796,5476,5329,9236,9304,9386,8288,7681,7329,"4574,5","4565,5","12194,66136","248458,7272"
,Sumatera Barat,Kab. Dharmasraya,268,338,353,"353,01","88,62",365,366,370,385,390,"336,81","204,6","242,59","184,6",243,"159,36","159,5","135,55","282,77","5225,41",88,467,467,464,"457,5",451,461,459,459,"816,5",510,460,"369,8",263,"638,7047368","13037,09474"
,Sumatera Barat,Kab. Pasaman Barat,1173,1195,1608,"1607,92","696,93","326,4",2196,2257,2325,2331,"1450,35","1334,4",1345,"1340,4",955,"485,68","488,69","598,94","1359,751176","25074,46118",187,2849,2849,2710,971,962,2984,3035,3021,2377,2105,1802,1146,1146,"2945,29065","60051,813"
,Sumatera Barat,Kota Padang,53,63,76,"76,03","7696,19","66,8",143,143,97,"31,63",62,"61,4","78,95","48,4",66,"36,8","37,68","38,53","519,8164706","9395,226471",213,97,97,97,"73,25",77,158,172,186,150,129,105,"83,75",8865,"617,4764706","21214,52941"
,Sumatera Barat,Kota Solok,155,155,157,"156,71","120,355",84,168,171,138,140,"120,73","119,2","117,65","119,2",106,"43,74","42,3","38,21","124,3461765","2276,441176",69,190,190,190,95,"139,5",184,180,180,108,114,"106,8",83,"82,5","234,7545975","4777,59195"
,Sumatera Barat,Kota Sawahlunto,163,171,178,"178,73","16,43","66,7",31,35,31,31,"6,5",5,11,5,11,"33,16","34,58","38,2","59,3","1105,6",37,247,247,247,212,100,32,74,73,"57,19",59,60,"83,69","92,23","147,9326316","3050,882632"
,Sumatera Barat,Kota Padang Panjang,30,30,54,"53,65","28,89","14,445","22,7225",31,32,32,19,6,6,6,7,"5,8","5,82","5,77","22,6075","412,705",12,69,69,69,"40,9",41,"55,5",70,71,"35,25",24,22,19,"45,55","55,65013158","1158,552632"
,Sumatera Barat,Kota Bukittinggi,23,27,30,"30,38","3,26",9,10,13,2,"2,48","1,03",1,"3,47","3,5",4,"2,35","2,43","2,41","9,876470588","180,1864706",0,38,38,38,37,12,14,14,14,"12,3","6,6","6,4","5,5","5,1","23,00278638","465,1557276"
,Sumatera Barat,Kota Payakumbuh,14,6,6,"5,6",6,"7,8",10,10,9,"8,7","13,3",13,"13,13",13,13,"7,26","2,38","83,57","9,304117647","251,0441176",0,9,9,9,"8,5",9,8,8,8,"17,25","17,4",12,"3,8","1,55","25,55306502","512,6113003"
10.0,Nusa Tenggara Timur,Sumba Barat,5307,259,263,289,285,287,287,299,305,70,254,311,321,321,321,303,321,321,"576,6470588","10700,64706",14572,2430,2416,2384,1976,1976,"1928,5",1881,1948,679,1946,1924,2028,2510,"2664,831269","55806,62539"
,Nusa Tenggara Timur,Sumba Timur,"148,3",146,147,146,143,144,144,161,260,245,75,258,260,262,263,218,"231,1","231,1","191,2588235","3673,758824",866,969,1157,1029,1050,1150,"1091,5",1033,976,989,1110,1145,988,1184,"966,406192","20512,12384"
,Nusa Tenggara Timur,Kupang,"13,2",16,21,16,44,48,68,84,99,108,122,132,"131,5","135,5",980,121,"132,1","126,9","133,6058824","2531,805882",406,658,684,687,687,722,"716,5",711,696,705,921,9810,781,690,"1168,942724","24068,85449"
,Nusa Tenggara Timur,Timor Tengah Selatan,"30,03",32,35,34,36,38,39,47,59,64,75,81,"82,6","82,6",87,89,"89,75","90,55","58,88117647","1150,411176",710,740,747,660,660,660,"647,5",635,669,680,699,714,5725,710,"816,4259133","17038,51827"
,Nusa Tenggara Timur,Timor Tengah Utara,"93,14",140,141,144,135,128,146,153,159,167,187,201,"210,9","212,9",209,198,"197,9","201,5","166,0494118","3190,389412",969,1037,1040,1040,1169,1176,"1177,5",1179,1163,1162,1176,1152,1099,6207,"984,3336223","25893,67245"
,Nusa Tenggara Timur,Belu,"40,04",43,45,46,47,47,56,58,75,78,83,87,88,88,91,92,"91,8",93,"67,99058824","1316,830588",237,236,232,232,234,236,"214,5",193,247,291,301,319,318,3702,"265,4274303","9010,548607"
,Nusa Tenggara Timur,Alor,"14,43",31,32,31,114,113,133,126,144,138,130,143,"150,3","153,3",300,294,"257,2","288,67","135,5429412","2728,442941",1238,1263,1257,1257,1285,1286,"1486,5",1687,1778,1703,1703,2118,2081,21052,"1270,860836","46469,21672"
,Nusa Tenggara Timur,Lembata,"134,51",134,140,127,98,117,123,161,162,163,178,184,"185,7","188,7",192,193,"193,8","194,8","157,3358824","3026,845882",839,819,732,727,727,705,690,675,683,695,710,717,717,4735,"704,9358824","18833,71765"
,Nusa Tenggara Timur,Flores Timur,"399,09",223,277,679,673,673,703,1791,1441,1313,1353,1434,"1435,83","1436,03",1438,1427,"1434,93","1437,08","1066,522353","20634,48235",3159,3155,2948,3070,3150,3150,"3256,5",3363,2931,2922,2932,2934,3096,18823,"3552,869195","89880,3839"
,Nusa Tenggara Timur,Sikka,"347,79",345,347,349,349,364,387,440,560,638,651,656,"605,4","607,3",138,130,"129,63","133,13","414,36","7591,61",1842,1844,1842,1842,1842,1842,"1813,5",1785,1600,1584,1590,1521,1521,18343,"1631,854211","50980,08421"
,Nusa Tenggara Timur,Ende,"2454,5",2451,3176,3141,1791,4382,2929,3416,3442,3336,3368,3395,"3407,1","3413,4",3437,3440,"3440,23","3449,48","3201,131176","61069,84118",8815,9010,8820,8409,4520,13149,"10980,5",8812,9031,8670,8682,8762,8796,18790,"10236,53591","223520,7183"
,Nusa Tenggara Timur,Ngada,"2399,5",2147,2235,2252,221,5362,2791,3494,3504,3459,3476,1410,2348,2351,3219,2602,"2602,5","2308,92","2698,411765","50880,33176",6480,5928,6043,6158,740,12040,9125,6210,6351,6628,6870,6144,3877,3185,"7731,850712","157822,0142"
,Nusa Tenggara Timur,Manggarai,"5767,42",6067,1601,1245,1059,1852,1625,1681,1703,1738,2277,2625,"2559,6","2567,48",2553,2523,"2525,6","2529,1","2468,770588","46966,97059",22723,23387,7017,7021,4491,10353,8746,7139,7148,6671,7444,3746,7537,4065,"9631,02322","196685,4644"
,Nusa Tenggara Timur,Manggarai Barat,"1707,09",1806,1655,1656,1645,1522,1532,1806,1905,1896,2124,2136,"2149,5","2157,5",1732,1746,"1249,02","1249,02","1789,653529","33462,78353",5491,4675,5906,5905,5904,6003,6027,6051,6700,6572,6571,6272,6282,6928,"6294,07774","132809,5548"
,Nusa Tenggara Timur,Sumba Tengah,0,260,259,256,250,243,3892,246,240,243,248,612,615,615,431,452,"451,48","451,48","547,8517647","10312,81176",0,2004,2051,2019,2019,1999,"1943,5",1888,1688,1679,3305,3523,3581,385,"2123,480186","42854,60372"
,Nusa Tenggara Timur,Sumba Barat Daya,0,4948,4962,4964,3917,3892,243,3531,2479,2161,2163,2210,"2208,24","2208,24",2205,2205,"2205,32","2205,32","2735,4","51442,52",0,10192,10201,10201,10220,10220,"10010,5",9801,7014,5434,5421,5412,5395,1271,"8553,687368","172344,7474"
,Nusa Tenggara Timur,Nagekeo,0,337,351,350,228,354,269,367,366,368,375,382,"384,2","387,2",280,219,"223,32","227,47","308,2776471","5776,467647",0,935,937,937,612,1205,1086,967,997,995,991,950,570,211,"958,7650155","19386,30031"
,Nusa Tenggara Timur,Manggarai Timur,0,0,4374,4382,4233,5513,4886,3775,4757,4809,5072,5088,"6572,32","6579,81",8669,9581,"9580,6","9595,61","5168,925294","102636,2653",0,0,16615,16615,13167,20731,"18149,5",15568,20061,17814,20384,27878,26406,1669,"18874,73161","379163,6322"
,Nusa Tenggara Timur,Malaka,0,0,0,0,0,0,0,18,16,17,17,18,"14,5",15,8,6,"5,65","5,65","7,95","148,75",0,0,0,0,0,0,0,47,47,47,46,40,13,651,"22,21052632","1095,210526"
11.0,Bali,Kab. Jembrana,268,277,265,279,291,274,295,263,276,289,286,213,228,244,274,279,282,284,"269,5882353","5136,588235",1293,1294,1293,1293,1206,1207,1217,1217,1217,1217,1212,1212,1212,983,"1190,272446","24788,44892"
,Bali,Kab. Tabanan,5261,5375,4180,4349,4242,1946,4681,5885,4557,6109,6101,5323,5212,5521,5527,5588,5708,5062,"5033,235294","95660,23529",9657,9677,9671,9671,9554,9554,9535,9535,9602,9586,9586,9585,9585,9585,"13019,81424","269981,2848"
,Bali,Kab. Badung,69,142,163,139,107,122,152,152,192,218,200,195,191,164,163,137,136,113,"155,4117647","2910,411765",460,465,464,455,419,419,419,419,396,396,390,364,353,"358,5","475,4643963","9867,787926"
,Bali,Kab. Gianyar,155,151,153,153,154,154,156,157,158,93,92,52,61,61,61,65,44,39,"112,9411765","2071,941176",304,304,304,304,304,304,338,338,252,226,226,226,192,209,"316,625387","6541,50774"
,Bali,Kab. Klungkung,39,41,41,33,30,27,38,38,38,25,24,20,22,17,18,10,7,4,"27,52941176","499,5294118",83,83,83,82,84,87,92,92,63,64,64,53,51,52,"81,42414861","1680,482972"
,Bali,Kab. Bangli,135,150,127,144,157,147,177,187,157,102,136,100,116,81,84,75,58,58,"125,4705882","2316,470588",364,364,364,362,355,355,332,332,296,297,296,263,244,"253,5","365,3126935","7559,75387"
,Bali,Kab. Karangasem,282,311,294,297,236,184,203,203,267,245,217,208,223,201,154,132,138,119,"223,2352941","4137,235294",848,848,873,887,909,904,870,870,608,593,553,530,483,"506,5","772,6037152","15958,5743"
,Bali,Kab. Buleleng,5418,5905,5319,6036,5894,2480,8979,6217,8473,7550,6027,3988,5387,4830,4830,5379,5285,5255,"5764,529412","109016,5294",10774,10774,10779,10784,10782,10783,10810,10810,10745,10736,10473,10337,10273,10305,"14441,58204","299136,6409"
12.0,Lampung,Lampung Barat,55994,56227,56227,61201,61023,60712,59107,60128,52543,52648,52664,51482,52572,57815,57930,54563,56054,52326,"56405,29412","1067621,294",59316,59316,59317,59357,60399,59854,60723,60382,65010,53611,54051,54106,54104,54105,"110760,2941","2269310,882"
,Lampung,Tanggamus,45064,45230,45232,45342,36750,36382,36520,30158,30671,27581,42667,31346,33482,34020,34129,36716,36908,25963,"36952,82353","691113,8235",54185,54185,54186,54256,44633,44671,44330,43941,43897,43276,41512,41512,41518,41515,"77257,08669","1586656,734"
,Lampung,Lampung Selatan,6130,1803,920,922,850,875,875,767,923,469,479,488,430,425,425,424,427,397,"1037,176471","19066,17647",8190,2643,1588,1649,1392,1332,1280,1380,1239,843,715,715,723,719,"2392,913313","48577,26625"
,Lampung,Lampung Timur,822,670,665,670,580,545,490,460,492,297,310,254,240,240,240,240,240,231,"438,5294118","8124,529412",1515,1515,1515,1445,1061,1061,911,968,966,619,515,525,515,520,"1191,845201","24356,90402"
,Lampung,Lampung Tengah,814,895,897,907,800,870,883,761,778,279,288,297,299,302,303,306,307,308,"587,4117647","10881,41176",1798,1798,1799,1705,1587,1587,1603,1556,1549,522,525,523,522,"522,5","1566,674923","31855,99845"
,Lampung,Lampung Utara,12004,12130,12123,12130,12070,12119,12158,12167,12230,11021,10365,8721,8725,9821,9961,10021,10120,10120,"11052,11765","209058,1176",15748,15748,15777,15865,16744,16240,17024,17149,18482,25670,25684,25684,25661,"25672,5","26937,27554","564418,0108"
,Lampung,Way Kanan,20064,19261,19262,19292,19875,19152,17335,17341,17410,9126,9226,8711,8722,8702,8705,8508,8664,8507,"14079,76471","261942,7647",22397,22397,22396,22456,22206,21944,21934,22578,22563,23163,21957,21956,21655,"21805,5","31579,39628","653393,4257"
,Lampung,Tulang Bawang,376,381,382,383,55,31,34,48,63,56,42,35,35,14,18,21,21,21,"117,3529412","2133,352941",607,607,608,663,104,92,90,93,133,79,82,82,97,"89,5","298,3529412","6056,558824"
,Lampung,Pesawaran,0,4339,4330,4335,3926,3815,3761,3561,3542,1603,1281,1208,1458,1359,1368,1361,1282,1355,"2501,705882","46385,70588",0,5549,5563,5470,5237,4928,4742,4749,4649,3749,3452,3452,3272,3362,"5740,28483","118167,6966"
,Lampung,Pringsewu,0,0,0,0,8560,8179,8119,7281,7919,1044,938,837,705,707,703,696,692,696,"2728,235294","49804,23529",0,0,0,0,9073,8788,8775,7886,7630,2482,1379,1379,1379,1379,"5478,44582","110947,9164"
,Lampung,Mesuji,0,0,0,0,215,225,93,70,84,67,43,26,43,44,18,17,17,1,"56,58823529","1019,588235",0,0,0,0,340,396,335,137,249,83,83,34,35,"34,5","148,4829721","3004,159443"
,Lampung,Tulang Bawang Barat,0,0,0,0,90,71,52,39,35,41,65,6,6,7,5,5,4,3,"25,05882353","454,0588235",0,0,0,0,125,125,155,177,170,96,8,6,8,7,"71,90092879","1445,018576"
,Lampung,Pesisir Barat,0,0,0,0,0,0,0,0,4711,4474,4474,3540,3622,3415,3466,3372,3372,2906,"2026,235294","39378,23529",0,0,0,0,0,0,0,0,6934,6935,6731,6694,6703,"6698,5","4658,814241","99874,78483"
,Lampung,Bandar Lampung,17,10,8,9,9,10,55,101,99,257,231,231,230,220,38,30,30,18,"93,23529412","1696,235294",81,81,81,88,222,224,224,224,217,191,183,170,74,122,"208,7089783","4296,179567"
,Lampung,Metro,0,0,0,0,0,0,1,1,1,1,1,1,1,1,1,1,1,1,"0,6470588235","12,64705882",0,0,0,0,0,0,1,2,2,1,1,2,2,2,"1,489164087","31,78328173"
13.0,Nusa Tenggara Barat,Lombok Utara,0,0,0,"705,44",639,"212,22","228,26","899,29","798,83","723,5","678,8","699,55",710,725,"736,24","737,13","679,34","708,235","539,5647059","10420,39971",0,0,0,"1314,57","1302,81","1302,81","1302,81","1352,81","1119,81","1119,81","1119,81","1450,49","1136,78","1293,635","1386,495759","29023,55017"
,Nusa Tenggara Barat,Lombok Barat,"1049,59",1060,"1040,46",342,"639,1","355,32","343,45","341,44","343,33","349,59","355,13","359,08","361,7",364,"365,21","366,17","367,21","366,69","494,2811765","9263,751176","2008,97","2008,97","2008,97","694,4","694,4","694,4","694,4","625,8","549,43","565,73","570,73","721,81","593,73","657,77","1245,002755","25557,82511"
,Nusa Tenggara Barat,Lombok Tengah,433,"413,3","615,4","591,95",592,"709,97","635,11","478,72","457,85","398,9","434,1","357,21","389,46",460,"579,4","705,48","695,97","700,725","526,3423529","10174,88735","1179,25","1433,2","1458,2","1483,2","1483,2",1483,1483,"1387,35","631,65","667,19","705,57","1264,58","978,5","1121,54","1527,404985","31669,63969"
,Nusa Tenggara Barat,Lombok Timur,"455,16","455,15","455,15","455,15","455,1","199,38","329,72","382,08","112,72","155,76","142,88","137,37","118,66",184,"367,15","389,21","424,81","407,01","307,0264706","5933,486471","1749,51","1799,51","1924,51","2013,34",2179,"2068,5","2170,5","2124,5","468,5","443,5","374,5",680,"466,5",8,"1383,740155","27682,8031"
,Nusa Tenggara Barat,Sumbawa Barat,"128,98","115,57","119,7","85,8","93,8","106,8",127,"154,3","139,4","139,4","31,86","157,85","157,85",148,"147,7","146,53","144,76","145,645","126,1941176","2417,139118",231,235,235,235,235,260,260,317,260,23,260,341,250,"4,09","329,9983282","6604,056563"
,Nusa Tenggara Barat,Sumbawa,"1028,65","374,46","1736,17","1742,4",2206,"2514,31","2527,38","1254,49","1278,02","1293,94","1278,57","1961,16","1865,46",1978,"1978,2","1979,94","1972,96","1976,45","1704,124118","32650,68412","4557,49",4697,"4065,19","4240,19","4290,19","4561,34","4561,34","4569,29","2334,59","2338,59","2573,9","3859,9","2582,9","3,67","4815,487802","96313,42604"
,Nusa Tenggara Barat,Dompu,"373,8","503,8","379,54","603,81","479,3","225,01","288,91","387,88","550,3","550,31","557,99","563,37","650,8",668,"580,34","788,8","824,83","806,815","528,0464706","10311,65147","1433,4","1474,4","1222,5","1173,62","1186,58","1286,58","1286,23","1186,23","795,36","805,81","958,95","1317,4","1012,61",10,"1525,271207","30515,42415"
,Nusa Tenggara Barat,Bima,"1057,1","1059,81","807,31","797,57","800,6","802,98","802,98","403,5","441,5","446,8","455,75","337,94","278,38",278,"287,3","343,5","351,78","347,64","573,6941176","10674,13412","1068,25","1087,25","1087,25","1087,25","1087,25","1087,25","1087,25","1070,4","911,9","911,9","886,65","1040,4","1352,2","6,38","1386,486749","27736,11498"
,Nusa Tenggara Barat,Kota Bima,"2,44","4,41","0,73","2,265","3,8","0,11","0,11","0,42","0,34","0,32","0,22","0,34","0,35","1,8","3,25","5,25","5,25","5,25","1,847352941","38,50235294","9,45","4,41","4,41","9,92","9,92","9,92","9,92","3,61","1,27","1,6","1,27","28,61","6,72","3,86","8,441037152","172,680743"
14.0,Jawa Timur,Pacitan,824,937,560,679,7,484,833,821,488,531,770,770,753,753,744,765,741,777,"674,1176471","12911,11765",2374,2374,2084,2552,2556,2818,2839,18,2124,2189,2192,2450,2443,"1,07","2401,328173","48027,63347"
,Jawa Timur,Ponorogo,76,99,213,229,257,196,347,342,247,269,261,261,412,412,641,656,634,664,"326,5882353","6542,588235",949,949,949,1054,1054,1206,1247,2841,1045,1077,2192,1077,1152,114,"1381,904025","27752,0805"
,Jawa Timur,Trenggalek,291,279,342,326,335,215,348,356,251,273,328,328,3,300,308,319,305,320,"288,6470588","5515,647059",645,645,645,645,645,647,630,1247,455,469,566,675,672,672,"823,2786378","17137,57276"
,Jawa Timur,Tulungagung,347,298,399,368,376,266,431,437,152,165,259,259,205,205,224,243,234,245,"286,3529412","5399,352941",559,559,559,634,634,635,636,624,424,437,761,699,691,"1,37","762,3003096","15247,37619"
,Jawa Timur,Blitar,1175,876,895,895,860,546,885,854,1234,1343,3736,3736,3885,3885,3848,3865,3718,3896,"2131,529412","42263,52941",1652,1652,1652,1652,1652,1655,1685,634,2212,2279,5847,6015,6042,337,"4965,845201","99653,90402"
,Jawa Timur,Kediri,1061,711,826,859,980,554,897,891,569,619,2481,2481,2621,2621,2692,2704,2684,2813,"1544,176471","30608,17647",1577,1577,1577,1577,1579,1583,1612,1687,905,933,3708,3712,3603,82,"3614,49226","72371,8452"
,Jawa Timur,Malang,11817,9245,9346,9416,10028,5669,7752,7703,8619,9382,11429,11829,12260,12260,13079,13207,13047,13673,"10358,11765","200119,1176",11688,11888,11938,11945,11951,12138,11957,1614,13726,14147,17601,20080,20491,685,"22876,17028","458208,4056"
,Jawa Timur,Lumajang,4391,3090,3280,3149,3365,1999,2665,2683,2653,2888,2336,2736,2484,2484,2480,2534,2517,2638,"2807,882353","53179,88235",5152,5352,5427,5444,5444,5650,5999,12197,5310,5473,4714,4546,4609,"4,44","7445,987616","148924,1923"
,Jawa Timur,Jember,4173,2644,3095,3209,3357,1880,3178,3105,2893,3149,10863,11863,2484,11022,11660,11827,11795,12361,"6011,588235","120569,5882",5962,6012,4797,6335,6343,6507,7329,6071,7250,7473,18284,1835,18321,"19,15","14565,43034","291327,7568"
,Jawa Timur,Banyuwangi,3611,2806,2669,2572,2917,1620,2138,2165,3724,4054,13239,13839,127,12700,12720,12547,12504,13104,"6232,470588","125288,4706",3257,3644,3594,3751,3751,3751,3857,7645,5038,5193,17979,17846,17854,"2,58","14713,47059","294271,9918"
,Jawa Timur,Bondowoso,1189,2043,1965,1993,2056,1130,1843,1846,3939,4288,8670,8670,10807,10807,10167,10464,10420,10920,"5429,235294","108646,2353",4495,4495,4355,4696,4699,4881,5633,4019,6925,7138,12798,17700,18289,"14,07","13482,60372","269666,1443"
,Jawa Timur,Situbondo,674,564,575,598,603,431,735,738,675,735,2285,2285,1724,1724,1705,1758,1738,1821,"1149,823529","22517,82353",1366,1366,1391,1394,1394,1632,1981,5957,1942,2001,3056,3082,3100,"2,07","3176,402477","63530,11954"
,Jawa Timur,Probolinggo,1038,665,1145,1159,1311,748,1296,1291,1535,1671,1563,1563,1760,1760,2406,2410,24,2515,"1373,235294","27233,23529",2491,2591,2266,2666,2666,2862,3032,2144,3706,3819,4885,3965,3957,46,"4053,235294","81110,70588"
,Jawa Timur,Pasuruan,11817,2201,2326,2291,2579,1516,2764,2766,2850,3102,1551,"2530,5",3510,3510,3641,3731,3714,3892,"3317,617647","63609,11765",5985,5985,5496,6003,6003,6220,6326,3105,6279,6472,5002,6784,6743,80,"8331,986068","166719,7214"
,Jawa Timur,Mojokerto,10,12,11,15,17,14,27,25,36,39,62,62,80,80,158,169,162,170,"57,58823529","1206,588235",180,180,180,176,176,177,177,172,167,172,166,352,375,"10,78","240,6934985","4824,649969"
,Jawa Timur,Jombang,1171,791,807,795,780,516,784,782,857,933,761,761,655,655,720,740,671,703,"775,2352941","14657,23529",1243,1243,1243,1235,1235,1235,1262,173,1298,1338,1333,1232,1237,"1234,5","1767,024768","36574,99536"
,Jawa Timur,Nganjuk,170,105,89,123,135,75,122,120,98,107,96,96,118,118,116,119,112,117,"112,8823529","2148,882353",354,354,354,354,354,362,354,1260,317,327,218,217,205,211,"408,1981424","8374,962848"
,Jawa Timur,Madiun,163,130,133,127,131,58,117,112,36,39,525,525,843,843,874,892,876,918,"377,8823529","7719,882353",194,194,194,215,215,217,217,353,215,222,1432,1568,1625,"1596,5","974,6718266","21089,93653"
,Jawa Timur,Magetan,195,148,105,107,118,105,186,172,289,315,327,327,246,246,258,262,260,272,"215,6470588","4153,647059",435,435,435,438,438,642,564,219,657,677,667,884,634,759,"660,3312693","13965,62539"
,Jawa Timur,Ngawi,228,125,303,302,314,242,418,412,216,235,316,316,202,202,356,330,325,341,"284,8235294","5467,823529",705,705,705,705,705,929,928,561,1458,1502,1206,950,957,"953,5","1006,349845","21080,4969"
15.0,Jawa Tengah,Cilacap,"52,2","69,31","61,56","137,02","175,01",160,"159,78","80,43","78,98","75,69","37,845","73,0125","108,18","134,54","136,34","134,85","138,79","136,82","106,6786765","2057,036176","385,9","385,9","364,75","364,75","364,75","357,83","348,55","332,55","325,05","156,525","195,13","201,13","218,63","209,88","353,2610449","7275,100898"
,Jawa Tengah,Banyumas,"74,84","83,51","84,69",77,"78,24","82,48","315,2","112,88","117,48","119,63","59,815","101,7825","143,75","196,16","197,06","182,72","185,64","184,18","130,1692647","2527,226765","453,91","453,91","480,37","495,12","493,06","500,86","499,43","495,61","477,61","238,555","314,25","335,02","340,6","337,81","472,9105805","9796,02161"
,Jawa Tengah,Purbalingga,"602,9","611,54","617,11",618,"629,52","600,15","602,93","650,71","634,38","578,6","289,3","282,305","275,31","288,52","289,19","289,17","304,33","296,75","480,2332353","8940,948235","1,61","1,61","1,59","1593,04","1593,04","1543,05","1600,9","1547,73","1461,88","728,94","1109,61","1109,61","1108,21","1108,91","1263,233762","26373,58523"
,Jawa Tengah,Banjarnegara,"396,2","328,69","344,19",362,"666,7","674,25","875,43","880,04","865,05","853,44","426,72","707,515","988,31","1178,04","1173,06","2966,25","2110,86","2538,555","929,2202941","19264,52029","1,38","1,38","1,51","1639,43","1817,48","1843,48","1854,38","1873,2","1890,21","960,54","1477,35","1422,89","2264,13","1843,51","2422,622399","50295,95799"
,Jawa Tengah,Kebumen,"82,92","117,76","145,05","165,39","155,23","130,54","90,37","131,28","137,37","153,44","76,72","94,13","111,54","104,22","106,81","93,8","89,21","91,505","116,8105882","2194,095588",355,355,341,341,344,342,342,344,337,"190,5",297,283,237,260,"357,9332198","7418,664396"
,Jawa Tengah,Purworejo,"164,34","158,4","217,02","225,41","164,31","160,29","132,95","133,67","133,67","133,67","66,835","130,4175",194,"187,57","195,91","174,38","160,64","167,51","160,7930882","3061,785588","532,97","532,97","537,59","538,89","542,41","549,75","562,41","572,41","562,41","281,205","429,94","437,72","343,99","390,855","544,5096672","11281,04834"
,Jawa Tengah,Wonosobo,"375,74","350,2","353,64",315,522,"270,28","569,35","569,35","550,4","670,15","335,075","415,2525","495,43","672,87","625,18","554,01","635,52","594,765","487,0263235","9361,238824","2,29","2,29","1857,71","1698,14","1698,14","1779,14","1779,14","1779,14","1779,14","889,57","2061,64","1870,17","2048,51","1959,34","1658,040008","35120,14015"
,Jawa Tengah,Magelang,408,409,491,490,491,288,821,926,1329,1043,"521,5","988,1","1454,7","1541,25","1553,31","1532,6","1567,33","1549,965","932,6347059","18337,38971","1,28","1,28",1287,1287,1278,1250,1365,1367,1368,"680,5",1681,1786,"1793,16","1789,58","2137,813127","44545,84254"
,Jawa Tengah,Boyolali,"65,44","75,81","64,25","62,66","66,78","23,75","5,39","348,7","34,87","160,75","80,375","160,4175","240,46","370,62","423,57","479,17","419,03","449,1","181,2966176","3712,439118","212,86","212,86","222,5","223,96","211,12","225,23","225,23","361,23","361,23","180,615","252,94","289,49","286,58","288,035","470,0237229","9688,509458"
,Jawa Tengah,Klaten,"3,17","3,17","2,92","2,92","2,5","2,165","1,83","4,87","4,86","4,49","2,245","28,1725","54,1","175,14","176,22","173,89","178,37","176,13","48,29602941","1045,458529",14,14,"13,28","13,95","9,74","81,5","103,3","105,87","105,87","52,935","206,21","172,15","172,5","172,325","150,7194505","3186,714009"
,Jawa Tengah,Wonogiri,"34,77","31,62","31,28","26,46","22,5",24,24,"24,45","30,4",31,"15,5","29,025","42,55","84,82","85,25","88,02","85,67","86,845","41,84205882","840,0020588",121,121,"145,27","146,77","145,5","145,5","145,5","145,5","165,5","72,75",208,208,"209,02","208,51","168,7862693","3584,235387"
,Jawa Tengah,Karanganyar,"17,97","14,32","14,16","11,83","11,67","5,835","3,1175","0,4","1,26","2,17","1,085","1,7025","2,32","12,77","17,43","26,22","23,39","24,805","9,861764706","202,3167647","59,9","59,9","35,75","35,75","34,95","19,75","16,9","16,9","15,9","7,2","19,16","39,93","53,39","46,66","37,86334365","803,9268731"
,Jawa Tengah,Sragen,"2,4","2,5","1,3","4,07","3,7","3,33","3,89","3,12","4,88","4,9","2,45","3,53","4,61","4,69","5,41","6,03","4,05","5,04","3,815294118","73,71529412",21,21,"19,5","18,5","18,5",20,20,23,18,"9,5",16,"18,7","18,66","1,05","17,91687307","359,3874613"
,Jawa Tengah,Rembang,"11,02","22,7","21,71","16,7","15,43","11,15",14046,"15,66","18,22","15,79","7,895","36,6025","65,31","59,44","59,51","53,96","66,74","60,35","855,5198529","15459,70735",81,81,91,"96,5",102,94,90,92,92,96,62,62,"98,12","30,39","931,2319582","18655,02916"
,Jawa Tengah,Pati,"676,05","657,71","749,35","738,77","810,48","523,28","601,56","1113,43","1227,35","1227,35","613,675","920,5525","1227,43","1237,22","1238,95","1321,31","1366,97","1344,14","955,9669118","18551,54441","1,67","1,67","1683,7","1684,95","1689,85","1690,65","560,92","1793,26","1796,64","976,97","1551,98","1551,98","1523,11","3,99","2172,959543","43463,18087"
,Jawa Tengah,Kudus,"185,33","195,5","205,47","189,84","165,94","190,37","248,52","261,04","269,34","344,46","172,23",243,"313,77","614,48","615,35","1605,74","612,85","1109,295","378,4252941","7920,950294","475,89","475,89","475,84","475,29","485,34","529,55","1690,45","572,59","576,11","302,055","569,2","569,2","579,22","9,27","1053,643978","21082,14957"
,Jawa Tengah,Jepara,"873,14","863,16","927,34","832,77","803,97",407,"618,09","683,8",675,"1272,91","636,455","770,8425","905,23","893,7","1017,35","1084,74","1130,33","1107,535","846,8133824","16350,17588","2,37","2,37","2351,6","2345,4","2301,45","2292,29","2141,29","2183,62",2150,"1127,39","1602,22","1804,94","1793,07","7,59","2296,57654","45939,1208"
,Jawa Tengah,Semarang,"1,29","1,34","1368,93","1367,87","1367,88","1056,55","1399,49","1409,33","1423,85",1424,712,"1063,945","1415,89","1451,66","1455,33","1447,03","1721,59","1584,31","1181,645588","22853,93059","2,98","2,98","3326,82","3317,64","3344,96","3386,96","3386,96","3390,44","3488,07","1723,255","2993,74","2979,43","3047,23",87,"3401,857957","68124,15913"
,Jawa Tengah,Temanggung,"4,52","5,24","5508,06","5499,48",6044,"2514,22","8394,83","7388,79","10254,33","7536,49","3768,245","6663,7475","9559,25","10561,51","10611,05","10925,98","11126,49","11026,235","6845,0725","134237,54","9,11","9,11","9278,25","9272,98","9268,42","9262,02","9256,28","9304,47","9304,47","4780,775","12196,64","12400,95","13426,02","8,18","15396,94013","307946,9826"
,Jawa Tengah,Kendal,"973,91","990,16","899,24","973,07","1088,77","802,6","1145,27","1501,47","1341,66","1350,61","675,305","939,3275","1203,35","1437,21","1458,49","1560,19","1725,54","1642,865","1180,363088","22889,40059","2,64","2,64","2662,04","2860,95","2895,05","2851,95","2892,89","2895,15","2855,36","1430,205","2386,6","2419,48",2598,"25,81","3116,305457","62351,91913"
,Jawa Tengah,Batang,"218,82","305,1","376,47","647,28","629,55","512,44","685,25","633,61","630,5","640,28","320,14","492,23","664,32","789,18","811,61","819,51","812,63","816,07","587,5835294","11392,57353","768,55","768,55","972,09","971,32","971,39","968,59","968,59","966,34","966,34","449,67","969,88","989,6","982,01","4,59","1418,573529","28376,06059"
,Jawa Tengah,Pekalongan,"85,96","86,5","87,36","433,13","436,07","340,79","341,81","343,34","347,13","363,02","181,51","280,49","379,47","493,57","494,6","447,49","490,96","469,225","331,3647059","6433,789706","513,13","513,13","492,69","500,49","500,24","502,24","529,25","530,95","530,95","265,475","559,68","662,68","657,81",22092,"811,9023375","38330,04675"
,Jawa Tengah,Pemalang,"218,37","296,68","313,86","314,56","282,43","160,82","283,41","284,67","284,99",288,144,"216,15","288,3","539,12","533,51","531,31","566,34","548,825","326,2658824","6421,610882","630,23","630,23","633,67","633,67","626,79","530,66","516,59","408,31","408,96","200,98","692,91","674,42","761,74",814,"856,685356","17947,70712"
,Jawa Tengah,Tegal,"11,78","11,56","14,12","12,3","7,52","3,22","15,71","15,48","12,09","11,63","5,815","8,0725","10,33","23,68","23,31","34,24","19,22","26,73","14,12220588","280,9297059","76,88","76,88","68,03","62,16","63,01","62,68","55,76","59,71","56,52","25,625","69,13","76,73","68,2",23101,"64,20352167","24385,07043"
,Jawa Tengah,Brebes,"47,48","49,5","44,66","44,81","49,46",41,51,"67,56",265,"184,3","92,15","241,015","389,88","849,52","858,47","657,65","656,09","656,87","269,9732353","5516,388235",94,94,91,91,91,91,91,90,"643,28","491,815","425,82","766,35","798,87",54032,"656,5566563","67163,13313"
16.0,Sulawesi Selatan,Selayar,"2,21","2,68","3,44","4,52",5,4,"3,5",3,2,2,1,1,1,1,3,1,3,3,"2,55","48,9",28,25,"22,25","21,75",22,22,19,16,16,9,9,9,8,383,"15,18157895","686,6315789"
,Sulawesi Selatan,Bulukumba,"1,54",3598,3690,3730,3745,"1,88","1,78","1,68","1,4",1404,1413,1413,1397,830,1018,768,518,389,"1384,251765","25305,53176","5,11","4597,59",4561,561,4561,"4,56","4,535","4,51","4,23",4217,4638,4113,4089,3,"3197,016765","63943,33529"
,Sulawesi Selatan,Bantaeng,"1,44",1142,"1142,6",1144,1196,"1,05","1,06","1,07","1,11",1111,1144,1144,910,1153,1211,1487,1418,"1,42","835,7841176","15045,53412","3,08","2840,7","2840,7","830,7",2831,"2,83","2,83","2,83","2,83",2831,3953,3851,3739,2032,"2301,591486","48063,82972"
,Sulawesi Selatan,Takalar,5,"4,5","4,9","4,95",5,5,5,5,5,5,5,5,5,"4,5",4,4,4,3,"4,755882353","88,60588235",9,9,9,11,11,11,11,11,11,11,11,11,10,8905,"12,86114551","9162,22291"
,Sulawesi Selatan,gowa,612,612,"685,44","547,57",646,435,"444,5",454,497,497,591,591,2572,1591,2213,2413,1775,"1,83","1010,382941","18188,72294","2,4",2399,2384,384,2384,"2,36","2,36","2,36","2,37",2025,4931,5289,6251,483,"2718,988731","54862,77461"
,Sulawesi Selatan,Sinjai,"2,83",2841,3129,3230,2767,"2,8","473,4",944,690,690,682,682,2938,3010,1818,1851,1958,"2,13","1629,942941","29341,10294","2,88",2959,3104,3104,3284,"3,28","429,64",856,856,856,3994,3860,3860,62126,"3356,261889","129251,2378"
,Sulawesi Selatan,Maros,59,59,66,"72,8",117,80,"87,5",95,97,97,48,48,42,48,70,70,70,85,"72,13529412","1383,435294",396,396,407,407,407,421,"421,5",422,428,194,769,816,1029,280,"434,9510836","8979,021672"
,Sulawesi Selatan,Pangkep,80,80,"80,95",80,141,168,181,194,125,125,121,121,131,133,132,84,26,27,"117,8205882","2147,770588",627,645,645,645,645,645,649,653,754,755,758,660,114,8084,"564,7153251","19378,3065"
,Sulawesi Selatan,Barru,"177,4",142,177,"179,78",187,191,"167,5",144,278,278,28,28,28,28,28,28,27,27,"124,5105882","2268,190588",657,657,658,627,627,627,"647,5",668,763,653,653,677,680,126,"584,0632198","11807,2644"
,Sulawesi Selatan,Bone,0,0,0,0,0,0,0,0,2,2,7,7,285,285,425,434,445,466,"111,2941176","2469,294118",0,0,0,0,0,0,0,10,17,17,1037,1036,1301,145,"408,873065","8322,4613"
,Sulawesi Selatan,Soppeng,"81,5",80,"80,25","81,36",79,80,"81,5",83,82,82,66,66,32,39,63,32,52,31,"68,27117647","1259,881176",356,356,356,356,356,356,356,356,353,329,326,322,307,98,"315,323808","6404,476161"
,Sulawesi Selatan,Wajo,15,13,15,13,14,49,49,49,41,41,38,38,36,30,22,26,28,18,"30,41176471","565,4117647",140,14,142,124,126,138,138,138,126,126,88,58,62,678,"111,0433437","2898,866873"
,Sulawesi Selatan,Sidrap,"73,8","28,5","29,5","34,65",24,23,40,57,57,57,58,58,389,389,311,306,306,148,"131,85","2521,3",251,223,223,"131,8",126,126,126,126,126,174,670,598,688,96,"384,8921053","7793,842105"
,Sulawesi Selatan,Pinrang,"2,26",2262,2554,2559,2325,"1,16","1,76","2,36","2,36",2356,2559,2559,2796,2796,3141,3141,2052,"1,82","1829,994118","32941,71412","3,75",3758,3773,773,3771,"3,77","3,76","3,75","3,76",3689,4267,4351,4431,319,"3786,279907","76044,59814"
,Sulawesi Selatan,Enrekang,0,0,0,0,0,0,0,0,0,0,0,0,8593,9154,8985,8960,8463,"8,72","2597,352941","46761,07294",0,0,0,0,0,0,0,0,0,0,12943,17848,19159,277,"6617,112941","132619,2588"
,Sulawesi Selatan,Luwu,"326,85","399,44","344,13","317,49",353,362,"368,5",375,361,361,342,342,2385,2413,2420,2454,1403,"1,38","901,6123529","16230,40235","785,25","936,15","936,15","936,15",936,936,952,968,885,790,4955,4955,2607,14,"2367,794458","47369,88916"
,Sulawesi Selatan,Tana Toraja,"1,51",5241,1594,980,996,979,"490,01","1,02","1,03",1030,1150,1150,2573,2573,3987,4481,4482,"4,52","1865,268824","33579,35882","5,19",1290,5227,293,3240,"3,24","3,285","3,33","3,33",3304,12782,13944,13980,526,"5393,553824","108397,0765"
,Sulawesi Selatan,Luwu utara,"375,49",219,"372,49","400,93",402,400,"541,5",683,782,782,673,673,1258,1258,1111,1111,1387,"1,26","731,1417647","13161,81176","989,25","977,2","989,25","990,25",991,989,"495,195","1,39","1,22",1234,1721,1703,2075,1.267.20,"1613,682554","32273,65108"
,Sulawesi Selatan,Luwu Timur,"63,02","64,2","43,09","37,38",23,15,14,13,12,12,13,13,13,4,2,2,2,1,"20,33470588","367,0247059","213,1","186,65","108,3","102,6",68,65,61,57,54,52,55,45,75,1.400.00,"80,8952322","1617,904644"
,Sulawesi Selatan,Palopo,77,"56,12","95,6","95,84",95,94,84,74,69,69,69,69,24,24,24,42,14,14,"63,26823529","1152,828235",145,"144,9","134,1","128,95",133,128,122,116,107,107,80,80,80,"777,36","148,2129721","3741,619443"
,Sulawesi Selatan,Toraja Utara,0,0,0,"623,91",627,562,563,564,563,563,551,551,4649,5638,6618,6726,5168,"2,61","1998,053529","35967,57353",0,0,0,933,1933,"1,94","1,95","1,96","1,96",1656,10473,10776,10775,"788,39","4896,528793","98718,96585"
17.0,Aceh,Aceh Singkil,45,50,36,51,51,59,59,60,67,82,18,5,5,5,5,5,5,5,"35,76470588","648,7647059",124,132,121,166,166,359,163,163,163,139,103,95,983,112,"188,501548","3882,03096"
,Aceh,Aceh Selatan,504,504,460,435,435,359,357,312,343,360,346,376,339,340,348,361,361,361,"384,7058824","7285,705882",1590,"1,59","1,54","1,53",1529,45,1444,1441,1465,1470,1425,1424,140,94,"1109,42483","22282,49659"
,Aceh,Aceh Tenggara,51,47,45,26,130,45,45,46,72,88,88,113,60,144,144,159,130,"144,5","84,29411765","1661,794118",316,316,315,279,279,149,130,72,140,155,319,378,384,555,"292,3993808","6402,987616"
,Aceh,Aceh Timur,60,61,60,153,146,149,125,124,136,135,124,126,159,143,127,127,127,127,"122,4705882","2331,470588",281,281,281,516,515,874,514,514,514,522,522,484,901,2615,"509,5232198","12805,4644"
,Aceh,Aceh Tengah,22757,"22,76","27,79","1,14",1137,874,793,763,26851,29239,31375,31358,32039,35055,35718,474,482,478,"14645,09941","264089,7894",46392,"46,49","46,78","3,3",3301,117,2315,2315,48300,48701,50407,50942,45298,3685,"32319,55046","650076,0093"
,Aceh,Aceh Barat,176,181,131,127,127,117,81,81,89,94,95,56,85,85,85,85,86,"85,5","104,7647059","1971,264706",533,533,533,532,534,1528,5448,549,549,579,579,579,4140,489,"1001,764706","20524,29412"
,Aceh,Aceh Besar,765,772,760,763,765,1528,886,710,790,793,584,584,584,586,591,506,200,353,"715,7058824","13235,70588",1466,"1,32","1,32","1,32",1373,1589,1597,1636,1719,1761,1761,1766,45,897,"1595,703777","32811,07554"
,Aceh,Pidie,2069,"2,38","1,99","1,99",407,1589,1569,1569,1729,1766,1785,3068,2025,2942,2964,2986,2607,"2796,5","1710,668235","33588,52824",9252,"9,74","9,43","9,49",9490,5,9540,9572,9855,10286,10345,10607,370,"5488,5","6631,755604","138123,6121"
,Aceh,Bireuen,506,461,440,168,168,5,5,3,4,4,4,3,5,4,4,2,1,"1,5","105,1176471","1893,617647",724,724,724,314,314,181,8,8,8,8,13,12,1515,"763,5","345,2755418","7669,010836"
,Aceh,Aceh Utara,160,308,231,211,211,181,187,187,224,226,220,917,915,920,920,165,165,165,"373,4117647","6886,411765",975,975,975,975,975,295,975,975,975,1025,2426,2861,294,"1577,5","1230,306502","26183,63003"
,Aceh,Aceh Barat Daya,225,225,231,243,232,295,360,125,161,166,166,128,128,128,144,149,150,"149,5","191,5294118","3597,029412",560,560,562,562,562,1036,500,425,425,741,691,696,1988,1342,"720,4767802","15751,5356"
,Aceh,Gayo Lues,868,823,670,713,712,1036,1118,1145,1063,1082,1295,1295,1545,1566,1564,198,177,"187,5","992,3529412","18049,85294",2374,"2,93","3,63","3,94",3945,4,4652,4770,3894,4100,5083,5685,18,"2851,5","2931,80031","61487,50619"
,Aceh,Aceh Tamiang,14,14,9,3,300,4,2,1,1,1,2,2,2,5,5,6,5,"5,5","22,11764706","403,6176471",105,105,51,26,26,52,13,18,18,26,33,41,157,99,"58,85448916","1276,089783"
,Aceh,Nagan Raya,565,565,565,50,50,52,48,45,50,55,56,56,82,82,82,80,83,"81,5","150,9411765","2798,441176",1360,"1,36","1,36",150,152,236,148,149,149,292,306,318,851,"584,5","388,9264396","8363,028793"
,Aceh,Aceh Jaya,300,301,301,307,307,236,215,205,225,245,302,357,496,566,611,611,752,"681,5","372,7647059","7391,264706",1326,"1,65","1,48","1,36",1355,660,1430,1459,1459,1698,1978,2105,1008,"1556,5","1310,632601","27769,15201"
,Aceh,Bener Meriah,8406,"12,83","13,29","2,15",2620,660,660,808,11029,11526,26357,28358,31138,30067,30138,1028,760,894,"10799,01588","195276,2859",32833,"39,79","39,49","9,64",9640,22414,1360,1795,47370,46263,48163,48163,26628,"37395,5","27558,59062","588567,3124"
,Aceh,Pidie Jaya,0,0,79,"539,5",1000,8,9,10,11,11,11,10,11,11,11,11,11,11,"102,5588235","1857,058824",0,0,306,"190,5",75,8,71,71,70,70,70,120,17,1.461.85,"161,6904025","3233,80805"
18.0,Bengkulu,Bengkulu Selatan,0,"62941,59","1921,92","1846,44","500,84",1784,1675,1585,1492,1381,1462,2084,1525,2052,"2,05","2,05","1,56","1,02","4838,614706","87096,08471",0,"83,95","2,69","2,68",2726,2676,2587,2562,25464,2544,2717,"2,7","2,7","2,7","7016,426285","140331,2257"
,Bengkulu,Rejang Lebong,0,"2661,52","12328,26","12590,5",6534,"13,94",14200,12780,13402,13422,13422,14865,14939,16058,"20,01","18,81","14,84","11,82","8662,934118","155944,6341",0,"4,14","16,55","16,9",14694,"20,65","20,51",18575,18487,18575,23310,"23,63","30,38","27,005","13602,46359","272076,2768"
,Bengkulu,Bengkulu Utara,0,"13412,1","9871,6","3975,28","3394,71","29,62",3628,3633,3638,3640,3592,3907,963,3561,"2,06","2,99","0,93","2,83","3367,722941","60621,84294",0,"17,2","13,34","5,37",5403,5832,5485,5471,5476,5477,6044,"3,8","3,99","3,895","5433,161889","108667,1328"
,Bengkulu,Kaur,0,"8267,27","3690,75","3712,5",7096,4942,82202,5588,5392,6280,57588,5573,5573,5965,"5,69","4,88","4,88","4,89","11875,58647","213765,4465",0,"12,07","4,92","4,95",6170,6170,6241,6551,6551,7172,9123,"9,22","9,22","9,22","14404,19752","288093,1705"
,Bengkulu,Seluma,0,"8713,6","9904,5","9,16","3262,33",4810,4912,4916,"4909,01","4908,01",4908,4874,4874,"4881,6","5,06","5,01",5,"4,91","3876,310588","69778,50059",0,"10,89","13,21","12,22",6684,6684,6823,6823,6817,6817,7983,"7,9","7,82","7,86","6439,885851","128805,577"
,Bengkulu,Mukomuko,0,"14606,4","926,78","70,13","32,18","59,7",55,26,41,51,46,48,49,"50,17",0,"0,22","0,22",45,"944,8117647","17051,61176",0,"18,26","1,37",85,39,75,63,36,53,76,101,"0,09","0,09","0,09","978,40387","19568,1674"
,Bengkulu,Lebong,0,"965,25","3431,7","3,43","4462,43","4462,43",4717,4758,5005,4596,5000,4979,4671,4779,"5,04","5,05","5,14","5,16","3049,733529","54900,36353",0,"1,43","5,08","5,08",6611,6611,6644,6797,6952,6955,3814,"8,16","8,16","8,16","5388,547214","107779,1043"
,Bengkulu,Kepahiang,0,"2563,2","16164,95","16059,89","19846,14",18255,20244,18153,18330,18300,18350,19224,19199,17548,"19,22","19,54","20,02","15,88","13076,23294","235388,0729",0,"4,27","20,86","20,86",22819,22 819,24720,22819,22819,22829,24678,"24,85","25,8","25,325","21628,86699","410973,7979"
,Bengkulu,Bengkulu Tengah,0,0,0,"2169,6",3841,4412,2559,2562,2589,2589,2794,3256,3251,3494,"3,48","3,51","3,46","3,21","1972,179412","35502,43941",0,0,0,"3,62",3409,4 836 8,76500,3422,3461,3756,4468,"4,67","4,6","4,635","7362,064935","139883,8688"
19.0,Sumatera Selatan,OKU,15203,15203,21504,26865,308511,40788,24813,19941,19941,15992,15992,15812,15812,15812,18670,16267,16317,16334,"36673,11765","676450,1176",25371,25371,25421,25569,25799,21858,21858,21943,21943,21964,21943,219835,22068,"120951,5","67455,48607","1470061,221"
,Sumatera Selatan,OKI,814,814,1048,635,691,614,614,735,735,636,390,347,347,335,331,333,335,340,"573,7647059","10667,76471",22705,22705,2270,1264,12182,1217,1217,1115,1115,996,807,814,814,814,"4305,343653","86920,87307"
,Sumatera Selatan,Muara Enim,1466,14660,24357,24335,25125,12564,12566,25213,25213,25147,25238,25623,25623,26038,26768,27210,27652,2865,"22046,94118","399709,9412",257378,257378,25737,232375,23495,23495,23501,23444,23444,234495,23101,23101,23102,"23101,5","89489,36223","1812888,745"
,Sumatera Selatan,Lahat,55426,55426,21035,2615179,2116126,20195,20195,19692,19692,2117505,20551,21601,21601,18625,21620,17100,2201,22675,"422574,7059","7629019,706",103268,103268,45472,557757,51299,51275,51275,51148,51148,51638,54441,54441,54441,0,"494529,548","9890590,96"
,Sumatera Selatan,MURA,0,5395,1770,23273,21805,2079,2079,2281,2281,18891,2447,2585,2585,2539,2951,2950,3196,3227,"5829,823529","108163,8235",4725,4725,4725,54999,40004,4223,4223,3935,3935,35943,3738,3842,3835,"3838,5","15745,7709","318753,918"
,Sumatera Selatan,MUBA,126,,137,122,122,122,121,121,121,3,12,5,5,2,2,1,"1,5",2,"63,96875","1089,46875",339,339,339,315,315,315,315,315,315,6,8,3,3,3,"215,1019737","4305,039474"
,Sumatera Selatan,Banyuasin,1152,,1103,67702,22498,1118,1822,770,770,3875,724,724,724,724,724,724,724,725,"6617,375","113220,375",4375,4425,4475,4475,5136,5136,5136,2632,2632,2632,2565,2546,2032,2289,"8996,407895","182217,1579"
,Sumatera Selatan,OKU Selatan,33716,,26108,29727,3294904,32949,32949,33175,33175,33491,39935,48523,48523,49180,5085444,5085444,62399,607,"873102,625","14843351,63",70739,70764,70789,65541,70779,70779,70779,70799,70799,70875,70799,70880,8926,1010,"1410715,592","28215321,84"
,Sumatera Selatan,OKU Timur,1886,,1873,535794,125006,1250,1250,2397,2397,215108,2397,2098,2098,2042,2200,1111,22,438,"56183,0625","955550,0625",1524,1549,1574,226841,231586,2318,2318,2318,2318,231821,153023,48258,483,"12,503","101128,1645","2022575,792"
,Sumatera Selatan,Empat Lawang,0,0,22310,31411,33625,28672,28672,26005,26005,5251,5251,5251,44841,53592,53769,53769,54,53756,"24616,35294","496850,3529",0,0,57846,69488,619785,61978,61978,61978,61978,61978,61928,62132,62138,577,"101369,5635","2027968,269"
,Sumatera Selatan,Musi Rawas Utara,0,0,0,0,0,0,0,0,0,18167,182,180,180,184,182,325,214,219,"1153,764706","20986,76471",0,0,0,0,0,0,0,0,0,20665,25665,280,280,33,"3682,659443","73686,18885"
,Sumatera Selatan,PagarAlam,0,0,33720,533723,1137495,11375,11375,9183,9183,376995,78071,21459,21459,11500,20153,20833,16375,10065,"136052,8824","2459016,882",36755,36755,36755,8313,8323,8323,8323,8323,8323,8257,8323,8327,8151,28,"150302,4613","3006077,226"
,Sumatera Selatan,LubukLinggau,0,0,407,43469,6788,531,531,277,277,27692,27692,368,368,721,72069,877,885,884,"10761,88235","194597,8824",17097,9403,1709,14625,14625,1463,1463,1463,1463,1463,147335,147335,126,2240,"33665,51393","675550,2786"
,Sumatera Selatan,TANAH LAUT,0,0,0,0,0,0,0,0,0,74,531,108,91,51,49,35,79,66,"59,88235294","1143,882353",0,0,0,0,0,0,0,0,0,605,126,126,132,"183,75","127,4613003","2732,976006"
20.0,Kalimantan Selatan,KOTABARU,0,0,0,0,0,0,0,0,0,511,46,173,162,147,147,106,4,2,"76,23529412","1374,235294",0,0,0,0,0,0,0,0,0,631,374,378,116,425,"168,8668731","3802,337461"
,Kalimantan Selatan,BANJAR,0,0,0,0,0,0,0,0,0,606,615,624,611,544,467,413,395,370,"251,4705882","4896,470588",0,0,0,0,0,0,0,0,0,"402,5",857,811,718,"265,3","504,2863777","10351,02755"
,Kalimantan Selatan,HULU SUNGAI SELATAN,0,0,0,0,0,0,0,0,0,4,"8,5",13,5,4,3,3,3,2,"2,558823529","48,05882353",0,0,0,0,0,0,0,0,0,226,117,100,97,"365,8","31,66408669","999,0817337"
,Kalimantan Selatan,HULU SUNGAI TENGAH,0,0,0,0,0,0,0,0,0,114,76,110,111,112,115,103,106,260,"49,82352941","1156,823529",0,0,0,0,0,0,0,0,0,142,322,322,318,"54,57","152,3498452","3101,566904"
,Kalimantan Selatan,TABALONG,0,0,0,0,0,0,0,0,0,467,8,476,471,452,450,428,417,144,"186,4117647","3499,411765",0,0,0,0,0,0,0,0,0,34,604,610,557,30,"364,7275542","7324,551084"
,Kalimantan Selatan,TANAH BUMBU,0,0,0,0,0,0,0,0,0,13,610,6,5,3,3,3,3,4,38,688,0,0,0,0,0,0,0,0,0,807,22,9,9,9,"83,47368421","1678,473684"
,Kalimantan Selatan,BALANGAN,0,0,0,0,0,0,0,0,0,0,"29,5",59,61,36,37,32,31,28,"16,79411765","330,2941176",0,0,0,0,0,0,0,0,0,"315,5",631,526,526,195,"130,1888545","2798,77709"
21.0,Sulawesi Tengah,Banggai,504,309,367,137,312,301,301,301,301,277,"305,23","297,5",298,297,"320,47","361,44","361,43","361,44","314,7688235","6027,278824",1062,1088,710,627,672,459,970,815,815,832,1181,1181,1.264.50,2,"1008,823758","19169,65141"
,Sulawesi Tengah,Banggai Kepulauan,11,17,15,175,51,8,7,8,4,"3,37","2,95","2,9",1,1,"1,73","1,4","1,4","1,4","18,33823529","331,4882353",260,254,267,267,72,41,70,80,67,57,47,47,"47,1","47,05","101,6766563","2080,583127"
,Sulawesi Tengah,Boul,194,212,221,436,436,191,188,201,197,"187,22","182,56",177,154,"153,5","152,98","125,45","361,44","44,93","221,7735294","4036,853529",479,479,485,491,497,328,516,628,629,630,559,515,"687,54",175,"624,5772136","12666,54427"
,Sulawesi Tengah,Donggala,3493,1997,3711,371,371,356,350,360,340,"339,3","339,3","399,3",356,"363,1","354,96","389,13","487,2","490,28","845,7229412","15713,29294",6591,5870,6588,773,654,649,818,667,667,667,678,703,"774,72","738,86","2335,805573","47454,97146"
,Sulawesi Tengah,Morowali,89,143,"13,5",49,49,757,757,162,138,"110,05","110,05","49,9",50,49,49,32,"34,88","20,03","155,4341176","2817,844118",476,459,433,432,511,163,473,618,583,583,255,255,208,"2,48","450,4309598","9011,099195"
,Sulawesi Tengah,Morowali Utara,0,0,0,0,0,0,0,0,9,"9,1","9,96","15,3",18,23,"32,87","50,88","51,08","51,93","12,89352941","284,0135294",0,0,0,0,0,0,0,0,31,40,68,79,94,"64,49","41,87721362","902,0342724"
,Sulawesi Tengah,Parigi Moutong,143,98,129,358,358,96,96,96,96,"96,6","94,2",98,100,"105,9","100,55","733,83","200,37",189,"176,4382353","3364,888235",331,332,327,327,377,256,358,445,445,438,499,623,512,"537,29","528,1619195","11100,52839"
,Sulawesi Tengah,Poso,197,212,242,574,773,1496,1601,1301,1880,1.467.00,1.039.90,"940,4",1049,"990,9","752,11","764,13","730,51","730,51","900,2033333","15133,76333",1255,1255,1576,899,1289,758,1506,1496,1515,1705,1823,2204,2659,"127,48","2050,064561","41128,77123"
,Sulawesi Tengah,Sigi,0,0,0,3711,3711,3281,710,314,314,331,"419,2","419,5",431,"431,5","450,3","460,1",500,500,"910,8","16894,4",0,0,0,5942,5281,2888,1608,1763,2558,2641,2702,3200,3.726.60,"43,93","2683,255556","51025,78556"
,Sulawesi Tengah,Tojo Una-Una,65,64,81,256,256,268,267,268,258,"226,92","251,63","257,1",257,"257,5","257,5","282,91","294,56","294,52","227,5364706","4390,176471",605,473,504,504,504,235,507,504,448,427,444,444,478,"11,88","622,3264706","12458,40941"
,Sulawesi Tengah,Tolitoli,130,86,59,472,375,344,344,153,33,"23,18","172,4","90,5",103,"157,9","121,11","347,37","358,48","358,48","198,2317647","3926,651765",374,372,834,952,777,204,737,750,605,621,624,697,890,430,"723,5433437","14900,86687"
22.0,Sulawesi Utara,Bolaang Mongondow,5.532.99,2.856.29,"975,69",1.882.91,1.937.83,2.135.46,213546,213574,213602,2.200.03,2.200.03,2.673.42,2.972.83,2.972.80,2.975.84,2.975.88,2.975.88,297588,"160424,4225","1099710,113",8.004.86,7.863.04,4.020.07,3.985.07,3.996.27,400907,400907,#VALUE!,402.857,4.028.57,4.028.57,4.211.97,4.288.22,#VALUE!,#VALUE!,#VALUE!
,Sulawesi Utara, Bolaang Mongondow Selatan,0,0,"230,61","4,2","4,95","5,11","6,08","5,595","5,11","5,1","5,1","5,1","5,1","6,45","6,45","5,45","5,45",48209,"17,99147059","48532,84647",0,0,"471,07","433,5",121,"123,73","159,75","141,19","122,63","12,75","123,75","123,82","123,82","49,83","5196,536734","103980,5647"
,Sulawesi Utara,Bolaang Mongondow Timur,0,0,1.075.61,1.014.81,"584,59","584,59","584,59","584,04","583,49","583,49","583,49","581,62","576,8","573,59","579,33",588,588,588,"505,0413333","8668,661333",0,0,2.566.73,2.475.74,2.404.99,240499,500,#VALUE!,235.499,2.354.99,2.365.82,2.507.82,2.507.82,"71,47",#VALUE!,#VALUE!
,Sulawesi Utara,Bolaang Mongondow Utara,0,0,"121,82","40,1","43,48","37,19","46,51","35,155","23,8","13,6","13,6","6,36","2,17","1,62","1,62","0,85","0,85","0,85","22,86617647","412,4411765",0,0,256,127,"121,75","114,5","57,25","91,885","126,52","126,52","128,02","92,77","200,81","554,4","99,07907121","2535,981424"
,Sulawesi Utara,Minahasa,"135,72","135,72","605,86","176,82","180,35","202,18","259,54","185,275","111,01","115,93","115,93","115,93","31,71","31,1","31,1","35,5","35,5","35,5","147,3632353","2688,038235","551,66","546,8","532,75","495,75","473,75","468,75","468,75","362,5","256,25","256,25","256,25","305,75",158,"307,5","426,642709","8840,35418"
,Sulawesi Utara,Minahasa Selatan,"267,65","321,25","75,5","75,5","34,71","63,46","56,3","42,3","28,3","14,15","7,075","3,5375","1,76875","0,884375","11,3371875","21,79","21,79","21,79","61,60604779","1130,69886","861,49","923,3","735,6","885,6","650,6","538,35","538,35","411,3","284,25","249,5",223,"222,5","192,5","12,5","420,2816892","8418,133785"
,Sulawesi Utara,Minahasa Tenggara,0,0,"53,84","39,48","68,68","72,58","72,58","36,29","42,74","49,19","49,19","47,43","44,6","44,6","40,14","38,43","38,43","38,43","43,42352941","820,0535294",0,0,290,287,"284,5","279,5","279,5","276,3","273,1","273,1","271,45","271,45","271,45",125,"214,5398452","4415,796904"
,Sulawesi Utara,Kota Kotamobagu,0,0,"147,36","100,09","65,13","57,37","48,34","48,52","48,7","48,34","48,34","145,66","48,38","48,34","48,34","63,9","63,9","63,9","60,63","1155,24",0,0,281,231,"201,4","192,6","19,6","98,975","178,35","178,35","180,56","181,2",287,2 766,"183,4707895","3669,415789"
,Sulawesi Utara,Kota Tomohon,11,"5,8","9,28","4,64","2,32",0,0,0,0,0,0,"0,045","0,09","0,09","0,09","0,25","0,25","0,25","1,991470588","36,09647059","43,5","41,45","41,45","40,63","39,34","39,04","19,52","29,28","39,04","14,1","14,1","12,2","15,6",2 732,"22,53568111","450,7136223"
24.0,Sulawesi Barat,Majene,210,228,227,230,237,232,288,287,287,42,432,432,413,216,413,413,240,238,"283,9411765","5348,941176",975,775,804,824,824,817,817,242,653,290,216,219,1010,1 941,"810,6780186","16213,56037"
,Sulawesi Barat,Mamasa,4534,"565,79",6151,4285,4282,1632,992,866,1783,"406,65",2518,2918,3072,2946,4609,4976,3567,3502,"2947,261176","56552,70118",7201,3199,5747,6987,6987,6654,2187,2420,3976,2488,2018,3203,"12,476",9,"6801,759913","136044,1983"
,Sulawesi Barat,Mamuju,550,606,"309,3",765,76,151,180,320,262,"19,25",362,480,262,136,262,255,179,201,"304,3852941","5679,935294",1033,1017,1107,"250,75",766,922,992,505,432,280,136,136,687,31,"797,1089783","15973,17957"
,Sulawesi Barat,Polewali Mandar,240,"222,89","238,36",208,213,194,724,1064,516,"69,38",1014,1017,1030,817,1035,1003,794,807,"611,7429412","11818,37294",945,"958,4","954,05",1766,1767,1588,1588,876,1810,1020,812,822,2217,1 473,"1746,977152","34939,54303"
25.0,Gorontalo,Boelamo,0,85,85,85,85,85,80,80,80,15,26,28,28,"23,6",23,20,"6,04","14,07","49,09647059","897,8064706","346,3",341,342,342,304,304,342,342,342,319,319,319,"160,25","3,12","270,1348916","5405,817833"
,Gorontalo,Bone Bolango,0,"327,1",328,328,328,328,288,297,297,210,30,32,32,"30,26",29,28,32,"34,67","173,1976471","3152,227647","536,8",537,537,537,371,371,537,657,537,687,513,474,425,"449,5","535,2050155","11153,60031"
,Gorontalo,Gorontalo,0,"112,7","113,6",114,114,114,111,116,116,64,64,65,42,43,43,42,"37,6","41,99","77,17058824","1431,060588","649,6",268,267,268,180,180,268,268,268,268,268,268,"271,1","269,55","282,3432198","5916,414396"
,Gorontalo,Gorontalo Utara,0,"287,3","285,5",286,286,286,201,205,205,77,57,63,58,58,40,"36,34","32,5",34,"144,92","2642,56",0,345,382,382,342,342,382,382,382,382,382,366,"365,8","365,9","387,6378947","8118,657895"
,Gorontalo,Pohuwato,0,"57,2","57,3",116,116,116,124,128,128,108,5,7,"4,6","4,6",4,"2,9","2,45","2,031","57,70882353","1040,789824","113,9",114,114,114,97,97,114,114,114,69,69,69,"54,57","61,785","124,3868235","2549,521471"
26.0,Maluku Utara,Halmahera Barat,"84,5",51,54,68,68,68,68,68,68,24,15,6,24,3,3,3,3,3,"39,91176471","721,4117647",376,561,451,701,701,611,611,611,251,322,322,30,30,30,"334,2801858","6715,603715"
,Maluku Utara,Halmahera Tengah,"3,7",2,"3,7",3,3,3,3,4,4,2,1,"0,5","0,25","0,125","0,0625","0,03125","0,015625","0,0234375","1,963786765","35,37159926",52,52,52,52,52,52,52,52,52,13,"3,25","0,8125","0,203125","0,5078125","27,5123065","550,7539425"
,Maluku Utara,Kepulauan Sula,"40,7",24,41,64,152,152,142,152,179,59,59,59,59,10,10,10,11,11,"71,98235294","1306,682353",904,904,904,999,1 000,1 000,1 000,1 000,828,590,590,202,195,"198,5","502,4443137","8237,60902"
,Maluku Utara,Halmahera Selatan,79,47,94,63,47,47,47,51,51,23,14,14,23,"11,5","5,75","2,875","1,4375","2,15625","36,5625","660,28125",335,335,331,335,335,335,335,335,335,178,178,2,2,2,"214,7401316","4296,802632"
,Maluku Utara,Halmahera Utara,"93,6",69,"84,7",83,83,83,83,83,98,23,23,23,23,"11,5","5,75","2,875","1,4375","2,15625","51,40367647","927,4224265",507,490,638,"639,8",635,636,635,636,590,424,424,106,"26,5","66,25","388,3339396","7832,928793"
,Maluku Utara,Halmahera Timur,"58,7",35,"58,7",48,58,59,59,52,52,4,4,4,4,1,1,1,2,3,"29,49411765","533,8941176","121,5",122,"121,5","121,5",122,123,123,123,123,88,88,159,175,167,"114,7835913","2462,671827"
,Maluku Utara,Tidore Kepulauan,94,56,54,75,75,75,75,188,"2,31","1,155","0,5775","0,28875","0,144375","0,0721875","0,03609375","0,018046875","0,0090234375","0,01353515625","40,97711627","737,601628",670,670,670,670,670,670,670,21,21,21,21,21,"9,5","15,25","293,8502865","5892,25573"
27.0,Maluku,Maluku Tenggara Barat,135,139,141,141,"70,5",0,0,0,0,0,"0,2","0,4","0,375","0,35","0,4",1,"0,8","0,82","37,06029412","667,9052941",356,356,356,357,"178,5","89,25","44,625","22,3125","11,15625","2,5",2,"2,48","2,48","2,48","130,9625967","2621,731935"
,Maluku,Maluku Tenggara,133,135,135,139,134,134,67,"33,5","16,75","9,175","1,6","1,3",2,"2,46","1,99",2,"2,44","2,62","55,895","1008,73",426,426,426,426,406,406,203,"101,5","50,75","5,5",6,"5,84","5,84","5,84","208,8476316","4182,792632"
,Maluku,Maluku Tengah,101,105,118,120,334,336,258,258,258,315,"248,9","234,1",13,"236,91","239,24",244,"243,71","222,87","215,4623529","4101,192353",569,569,569,569,563,563,598,579,579,"548,8",57,"541,4","538,4","539,9","637,3723529","13287,34706"
,Maluku,Buru,112,115,134,108,68,96,96,62,71,62,"62,5","58,8",4,"50,84","49,55",51,"51,01","51,01","73,62941176","1376,339412",851,851,851,687,119,129,129,129,128,"129,3",12,"123,78","123,78","123,78","311,3367802","6350,515604"
,Maluku,Kepulauan Aru,0,0,0,0,0,0,0,0,0,26,"19,1","20,5",62,"19,65","16,5",17,"17,73","18,12","11,67529412","228,2752941",0,0,0,0,0,0,0,0,0,"43,4",129,"43,93","43,93","43,93","29,97687307","643,4674613"
,Maluku,Seram Bagian Barat,999,99,106,110,101,67,60,6,4,2,"5,5",3,"2,9","2,8","3,07",3,"2,95","2,95","92,77764706","1672,947647",812,812,812,812,817,337,314,8,8,"11,9","11,89","11,88","11,88","11,88","345,1181734","6914,243467"
,Maluku,Seram Bagian Timur,81,82,91,94,30,60,33,33,33,32,"31,8","32,7",21,"41,42","43,68",45,"48,71",46,"49,01823529","928,3282353",571,571,571,571,377,377,415,529,259,"381,4",43,"379,35","377,35","378,35","346,4650774","7307,651548"
,Maluku,Maluku Barat Daya,0,0,0,0,9,14,14,14,14,9,"12,2","7,4",6,"11,8","10,24",8,"8,23","8,115","8,11","154,095",0,0,0,0,23,24,24,24,24,"23,7",24,"23,7",20,"21,85","21,43105263","450,4710526"
,Maluku,Buru Selatan,0,0,0,30,102,4,0,0,"0,29",30,13,"8,9",36,"13,42","14,15",16,"19,27","14,36","16,88411765","318,2741176",0,0,0,164,725,32,15,109,106,"56,6",379,"56,83","56,83","56,83","110,4841176","2266,512353"
,Maluku,Tual,0,0,0,0,7,7,18,29,30,27,"27,3","29,5",237,"30,96","30,47",31,"31,25","65,28","31,49882353","632,2588235",0,0,0,0,20,48,55,62,66,"66,6",545,"75,83","77,84","76,835","96,73829721","2011,600944"
28.0,Kalimantan Utara,Malinau,0,0,0,0,0,0,154,518,171,171,168,164,140,"131,5",36,"67,9","83,9","112,7","106,1941176","2024,194118",0,0,0,0,0,0,2 058,2 058,1 772,1 506,1 193,610,"554,4","582,2","256,8063025","4434,294538"
,Kalimantan Utara,Bulungan,0,0,0,0,0,0,39,30,111,30,"42,7",26,22,"23,4",8,"21,05","76,8","77,36","25,29117647","532,6011765",0,0,0,0,0,0,296,302,196,"150,5",221,274,"308,5","291,25","131,005387","2911,35774"
,Kalimantan Utara,Tana Tidung,0,0,0,0,0,0,5,3,3,2,"1,8",2,2,"1,8","1,75","1,95","2,23","2,23","1,560588235","30,32058824",0,0,0,0,0,0,165,168,113,"14,5",13,"12,5","11,5",12,"28,29164087","577,8328173"
,Kalimantan Utara,Nunukan,0,0,0,0,0,0,92,3,21,344,"63,5",22,9,"16,8","0,08","26,22","30,46","26,11","36,94470588","691,1147059",0,0,0,0,0,0,454,479,92,"85,2",61,"113,5",123,"118,25","116,769969","2453,649381"
29.0,Banten,Pandeglang,1 421,1 485,1 485,1 485,1144,803,793,840,854,850,848,861,873,863,842,854,859,859,868,13011,1 709,2 960,2 960,2960,"2957,5",2955,2 955,2 945,2 870,2 733,2 747,2756,2766,4139,"2880,681818","38707,18182"
,Banten,Lebak,488,"500,15","500,15","500,15","506,075",512,494,520,531,580,346,1 195,1 200,1 201,581,591,575,575,"516,0375","8315,5625",2 931,2 029.84,2 030,2030,"1857,5",1685,1 685,1 685,1 685,1 508,1 514,1505,14958,8984,"3017,190909","45190,29091"
,Banten,Serang,600,739,793,793,"859,5",926,1 206,1 214,1 106,1 098,551,551,483,488,551,553,"552,35","570,32","649,2192308","9659,389231",3 819,2 102,4 837,4837,4839,4841,2 217,2 068,1 985,1 864,1 864,1931,1941,"2901,5","2811,298042","36637,0765"
,Banten,Kota Cilegon,0,0,0,0,0,3,7,25,4,"2,5",1,1,2,3,2,2,"3,22","2,73","3,277647059","61,72764706",0,0,0,0,0,7,25,7,5,9,9,9,9,9,"8,155541796","172,1108359"
,Banten,Kota Serang,0,0,"31,2","31,2","21,1",11,7,9,17,24,24,15,6,3,2,2,"2,15","1,86","12,09705882","219,6070588",0,0,38,38,33,28,38,32,32,32,32,32,31,"31,5","31,8796904","669,093808"
30.0,D.I Yogyakarta,Kulonprogo,"275,75","300,15","302,5","847,92","342,12",340,"926,26","706,8","426,53",405,416,346,435,"437,14","438,6","440,56","454,16","451,57","461,2052941","8753,265294",1 297,1 233.55,1 280.30,1 281,1 267,1 289,1 473,1 472,1 463,1 423,1 453,1473,1480,2213,"1744,045074","17909,40566"
,D.I Yogyakarta,Sleman,"82,94","88,78","86,57","33,67","57,86","22,3","77,73","29,23","40,73",25,"48,22","264,45","47,92","75,42","75,43","85,04","82,3","82,24","71,97588235","1377,805882","364,44","339,84","482,44","165,6","26,16","118,39","305,39","253,87",232,"280,9","279,4","254,5",298,"276,25","272,4064087","5724,378173"
